ISO-10303-21;
HEADER;
FILE_DESCRIPTION(('FreeCAD Model'),'2;1');
FILE_NAME('Open CASCADE Shape Model','2026-08-01T13:44:21',(''),(''),
  'Open CASCADE STEP processor 7.8','FreeCAD','Unknown');
FILE_SCHEMA(('AUTOMOTIVE_DESIGN { 1 0 10303 214 1 1 1 1 }'));
ENDSEC;
DATA;
#1 = APPLICATION_PROTOCOL_DEFINITION('international standard',
  'automotive_design',2000,#2);
#2 = APPLICATION_CONTEXT(
  'core data for automotive mechanical design processes');
#3 = SHAPE_DEFINITION_REPRESENTATION(#4,#10);
#4 = PRODUCT_DEFINITION_SHAPE('','',#5);
#5 = PRODUCT_DEFINITION('design','',#6,#9);
#6 = PRODUCT_DEFINITION_FORMATION('','',#7);
#7 = PRODUCT('Body','Body','',(#8));
#8 = PRODUCT_CONTEXT('',#2,'mechanical');
#9 = PRODUCT_DEFINITION_CONTEXT('part definition',#2,'design');
#10 = ADVANCED_BREP_SHAPE_REPRESENTATION('',(#11,#15),#3711);
#11 = AXIS2_PLACEMENT_3D('',#12,#13,#14);
#12 = CARTESIAN_POINT('',(0.,0.,0.));
#13 = DIRECTION('',(0.,0.,1.));
#14 = DIRECTION('',(1.,0.,-0.));
#15 = MANIFOLD_SOLID_BREP('',#16);
#16 = CLOSED_SHELL('',(#17,#45,#70,#186,#396,#439,#464,#488,#524,#551,
    #583,#652,#711,#726,#777,#811,#879,#948,#1000,#1053,#1104,#1122,
    #1374,#1417,#1445,#1472,#1541,#1594,#1646,#1697,#1758,#1810,#1862,
    #1914,#1966,#2018,#2055,#2077,#2114,#2166,#2218,#2270,#2322,#2374,
    #2426,#2501,#2526,#2595,#2648,#2700,#2751,#2787,#2823,#2859,#2895,
    #2931,#2967,#2989,#3036,#3105,#3158,#3210,#3252,#3304,#3373,#3426,
    #3463,#3515,#3551,#3599,#3636,#3673,#3699));
#17 = ADVANCED_FACE('',(#18,#29),#40,.F.);
#18 = FACE_BOUND('',#19,.T.);
#19 = EDGE_LOOP('',(#20));
#20 = ORIENTED_EDGE('',*,*,#21,.T.);
#21 = EDGE_CURVE('',#22,#22,#24,.T.);
#22 = VERTEX_POINT('',#23);
#23 = CARTESIAN_POINT('',(0.,12.5,11.5));
#24 = CIRCLE('',#25,12.5);
#25 = AXIS2_PLACEMENT_3D('',#26,#27,#28);
#26 = CARTESIAN_POINT('',(0.,0.,11.5));
#27 = DIRECTION('',(0.,0.,-1.));
#28 = DIRECTION('',(0.,1.,0.));
#29 = FACE_BOUND('',#30,.T.);
#30 = EDGE_LOOP('',(#31));
#31 = ORIENTED_EDGE('',*,*,#32,.F.);
#32 = EDGE_CURVE('',#33,#33,#35,.T.);
#33 = VERTEX_POINT('',#34);
#34 = CARTESIAN_POINT('',(0.,14.,11.5));
#35 = CIRCLE('',#36,14.);
#36 = AXIS2_PLACEMENT_3D('',#37,#38,#39);
#37 = CARTESIAN_POINT('',(0.,0.,11.5));
#38 = DIRECTION('',(0.,0.,-1.));
#39 = DIRECTION('',(0.,1.,0.));
#40 = PLANE('',#41);
#41 = AXIS2_PLACEMENT_3D('',#42,#43,#44);
#42 = CARTESIAN_POINT('',(0.,0.,11.5));
#43 = DIRECTION('',(-0.,-0.,-1.));
#44 = DIRECTION('',(0.,1.,0.));
#45 = ADVANCED_FACE('',(#46),#65,.F.);
#46 = FACE_BOUND('',#47,.T.);
#47 = EDGE_LOOP('',(#48,#57,#63,#64));
#48 = ORIENTED_EDGE('',*,*,#49,.T.);
#49 = EDGE_CURVE('',#50,#50,#52,.T.);
#50 = VERTEX_POINT('',#51);
#51 = CARTESIAN_POINT('',(0.,12.5,10.5));
#52 = CIRCLE('',#53,12.5);
#53 = AXIS2_PLACEMENT_3D('',#54,#55,#56);
#54 = CARTESIAN_POINT('',(0.,0.,10.5));
#55 = DIRECTION('',(0.,0.,-1.));
#56 = DIRECTION('',(0.,1.,0.));
#57 = ORIENTED_EDGE('',*,*,#58,.T.);
#58 = EDGE_CURVE('',#50,#22,#59,.T.);
#59 = LINE('',#60,#61);
#60 = CARTESIAN_POINT('',(0.,12.5,10.5));
#61 = VECTOR('',#62,1.);
#62 = DIRECTION('',(0.,0.,1.));
#63 = ORIENTED_EDGE('',*,*,#21,.F.);
#64 = ORIENTED_EDGE('',*,*,#58,.F.);
#65 = CYLINDRICAL_SURFACE('',#66,12.5);
#66 = AXIS2_PLACEMENT_3D('',#67,#68,#69);
#67 = CARTESIAN_POINT('',(0.,0.,10.5));
#68 = DIRECTION('',(0.,0.,1.));
#69 = DIRECTION('',(0.,1.,0.));
#70 = ADVANCED_FACE('',(#71),#181,.T.);
#71 = FACE_BOUND('',#72,.F.);
#72 = EDGE_LOOP('',(#73,#80,#81,#82,#91,#128,#137,#174));
#73 = ORIENTED_EDGE('',*,*,#74,.T.);
#74 = EDGE_CURVE('',#75,#33,#77,.T.);
#75 = VERTEX_POINT('',#76);
#76 = CARTESIAN_POINT('',(0.,14.,4.99999934641));
#77 = B_SPLINE_CURVE_WITH_KNOTS('',1,(#78,#79),.UNSPECIFIED.,.F.,.F.,(2,
    2),(0.,6.50000065359),.PIECEWISE_BEZIER_KNOTS.);
#78 = CARTESIAN_POINT('',(-3.43E-15,14.,4.99999934641));
#79 = CARTESIAN_POINT('',(-3.43E-15,14.,11.5));
#80 = ORIENTED_EDGE('',*,*,#32,.F.);
#81 = ORIENTED_EDGE('',*,*,#74,.F.);
#82 = ORIENTED_EDGE('',*,*,#83,.T.);
#83 = EDGE_CURVE('',#75,#84,#86,.T.);
#84 = VERTEX_POINT('',#85);
#85 = CARTESIAN_POINT('',(9.5,-10.2834819006,4.99999934641));
#86 = CIRCLE('',#87,14.);
#87 = AXIS2_PLACEMENT_3D('',#88,#89,#90);
#88 = CARTESIAN_POINT('',(0.,0.,4.99999934641));
#89 = DIRECTION('',(0.,0.,-1.));
#90 = DIRECTION('',(0.,1.,0.));
#91 = ORIENTED_EDGE('',*,*,#92,.T.);
#92 = EDGE_CURVE('',#84,#93,#95,.T.);
#93 = VERTEX_POINT('',#94);
#94 = CARTESIAN_POINT('',(7.499999999999,-11.82159041753,7.));
#95 = B_SPLINE_CURVE_WITH_KNOTS('',6,(#96,#97,#98,#99,#100,#101,#102,
    #103,#104,#105,#106,#107,#108,#109,#110,#111,#112,#113,#114,#115,
    #116,#117,#118,#119,#120,#121,#122,#123,#124,#125,#126,#127),
  .UNSPECIFIED.,.F.,.F.,(7,5,5,5,5,5,7),(0.,0.270326417293,
    0.369819510938,0.585695658703,0.776827168719,0.86019298614,1.),
  .UNSPECIFIED.);
#96 = CARTESIAN_POINT('',(9.5,-10.2834819006,5.));
#97 = CARTESIAN_POINT('',(9.5,-10.2834819006,5.143887460598));
#98 = CARTESIAN_POINT('',(9.487577962714,-10.29495745022,5.287503919132)
  );
#99 = CARTESIAN_POINT('',(9.462820810125,-10.31782873923,5.429349614875)
  );
#100 = CARTESIAN_POINT('',(9.426103088674,-10.35153955635,5.567926278315
    ));
#101 = CARTESIAN_POINT('',(9.378091061664,-10.39507085967,5.7017741088)
  );
#102 = CARTESIAN_POINT('',(9.298423892433,-10.46614246428,5.876551084648
    ));
#103 = CARTESIAN_POINT('',(9.275587044352,-10.48642072668,5.922788769174
    ));
#104 = CARTESIAN_POINT('',(9.251381321422,-10.50780267347,5.968202798473
    ));
#105 = CARTESIAN_POINT('',(9.225842879227,-10.5302327865,6.01275304376)
  );
#106 = CARTESIAN_POINT('',(9.199009032857,-10.55365410788,6.056400077182
    ));
#107 = CARTESIAN_POINT('',(9.109968011249,-10.63085086479,6.191764983502
    ));
#108 = CARTESIAN_POINT('',(9.043117096919,-10.68807116325,6.27996578183)
  );
#109 = CARTESIAN_POINT('',(8.970687111624,-10.74913833026,6.363435694002
    ));
#110 = CARTESIAN_POINT('',(8.892980041779,-10.81353809507,6.441891922723
    ));
#111 = CARTESIAN_POINT('',(8.810287772125,-10.88077714715,6.515038644515
    ));
#112 = CARTESIAN_POINT('',(8.645531992013,-11.01201893645,6.642351025398
    ));
#113 = CARTESIAN_POINT('',(8.564456538156,-11.07553011167,6.697751626853
    ));
#114 = CARTESIAN_POINT('',(8.479862010263,-11.14060679787,6.748551819493
    ));
#115 = CARTESIAN_POINT('',(8.391941178377,-11.20694303391,6.794516271139
    ));
#116 = CARTESIAN_POINT('',(8.300897478928,-11.27424269207,6.83538814955)
  );
#117 = CARTESIAN_POINT('',(8.165972485935,-11.37187106933,6.886372055854
    ));
#118 = CARTESIAN_POINT('',(8.124447359332,-11.40164700614,6.900832420844
    ));
#119 = CARTESIAN_POINT('',(8.082395280682,-11.43152308683,6.914245011915
    ));
#120 = CARTESIAN_POINT('',(8.039839832812,-11.46147288804,6.926585134293
    ));
#121 = CARTESIAN_POINT('',(7.996807208443,-11.49146926962,6.937827543151
    ));
#122 = CARTESIAN_POINT('',(7.880407252348,-11.57182061946,6.964916147735
    ));
#123 = CARTESIAN_POINT('',(7.806197888907,-11.62223019622,6.978733163576
    ));
#124 = CARTESIAN_POINT('',(7.730867212453,-11.67255739745,6.989264501123
    ));
#125 = CARTESIAN_POINT('',(7.654595100182,-11.72265336532,6.996389534109
    ));
#126 = CARTESIAN_POINT('',(7.577572213894,-11.77237609157,7.));
#127 = CARTESIAN_POINT('',(7.499999999999,-11.82159041753,7.));
#128 = ORIENTED_EDGE('',*,*,#129,.F.);
#129 = EDGE_CURVE('',#130,#93,#132,.T.);
#130 = VERTEX_POINT('',#131);
#131 = CARTESIAN_POINT('',(-7.499999999999,-11.82159041753,7.));
#132 = CIRCLE('',#133,14.);
#133 = AXIS2_PLACEMENT_3D('',#134,#135,#136);
#134 = CARTESIAN_POINT('',(0.,0.,7.));
#135 = DIRECTION('',(0.,-0.,1.));
#136 = DIRECTION('',(0.,1.,0.));
#137 = ORIENTED_EDGE('',*,*,#138,.T.);
#138 = EDGE_CURVE('',#130,#139,#141,.T.);
#139 = VERTEX_POINT('',#140);
#140 = CARTESIAN_POINT('',(-9.5,-10.2834819006,4.99999934641));
#141 = B_SPLINE_CURVE_WITH_KNOTS('',6,(#142,#143,#144,#145,#146,#147,
    #148,#149,#150,#151,#152,#153,#154,#155,#156,#157,#158,#159,#160,
    #161,#162,#163,#164,#165,#166,#167,#168,#169,#170,#171,#172,#173),
  .UNSPECIFIED.,.F.,.F.,(7,5,5,5,5,5,7),(0.,0.138523147036,
    0.222578572587,0.413681150288,0.628992608234,0.728897683165,1.),
  .UNSPECIFIED.);
#142 = CARTESIAN_POINT('',(-7.499999999999,-11.82159041753,7.));
#143 = CARTESIAN_POINT('',(-7.576861166046,-11.77282720336,7.));
#144 = CARTESIAN_POINT('',(-7.653177684252,-11.72356826122,
    6.996455419801));
#145 = CARTESIAN_POINT('',(-7.728756111445,-11.67394368396,
    6.989460463003));
#146 = CARTESIAN_POINT('',(-7.803413394024,-11.62408999329,
    6.979120486491));
#147 = CARTESIAN_POINT('',(-7.876976867958,-11.57415013982,
    6.965552000438));
#148 = CARTESIAN_POINT('',(-7.993160164272,-11.49400851109,6.93876776811
    ));
#149 = CARTESIAN_POINT('',(-8.036582090669,-11.4637607839,6.927509063151
    ));
#150 = CARTESIAN_POINT('',(-8.079520347182,-11.4335589315,6.915133013307
    ));
#151 = CARTESIAN_POINT('',(-8.121947970969,-11.40343080676,
    6.901665512513));
#152 = CARTESIAN_POINT('',(-8.163840727148,-11.37340350539,6.88713188876
    ));
#153 = CARTESIAN_POINT('',(-8.299156635188,-11.27552448554,
    6.836146700654));
#154 = CARTESIAN_POINT('',(-8.390236055583,-11.20822018451,
    6.795362450639));
#155 = CARTESIAN_POINT('',(-8.478196300636,-11.14187517799,
    6.749483660567));
#156 = CARTESIAN_POINT('',(-8.56283373629,-11.07678548913,6.698767310023
    ));
#157 = CARTESIAN_POINT('',(-8.643955493672,-11.01325693447,
    6.643448906452));
#158 = CARTESIAN_POINT('',(-8.80860158421,-10.88214003908,6.516474695881
    ));
#159 = CARTESIAN_POINT('',(-8.891161003335,-10.81503106255,
    6.443611961275));
#160 = CARTESIAN_POINT('',(-8.968764976599,-10.7507400826,6.365463780838
    ));
#161 = CARTESIAN_POINT('',(-9.041124578822,-10.68975576899,
    6.282323379123));
#162 = CARTESIAN_POINT('',(-9.107940734812,-10.63258771556,
    6.194470811468));
#163 = CARTESIAN_POINT('',(-9.197177812352,-10.55525087387,
    6.059349525918));
#164 = CARTESIAN_POINT('',(-9.224195044267,-10.5316775358,6.015572637229
    ));
#165 = CARTESIAN_POINT('',(-9.249907707964,-10.5091011638,5.970883428045
    ));
#166 = CARTESIAN_POINT('',(-9.274278059895,-10.48757940179,
    5.925321684241));
#167 = CARTESIAN_POINT('',(-9.297269515506,-10.46716845725,
    5.878927898363));
#168 = CARTESIAN_POINT('',(-9.37739833891,-10.39569892112,5.703703105716
    ));
#169 = CARTESIAN_POINT('',(-9.425679361219,-10.35192856471,
    5.569523225793));
#170 = CARTESIAN_POINT('',(-9.462606276673,-10.3180269335,5.430576089128
    ));
#171 = CARTESIAN_POINT('',(-9.487506011457,-10.2950239181,5.288332824255
    ));
#172 = CARTESIAN_POINT('',(-9.5,-10.2834819006,5.144303586406));
#173 = CARTESIAN_POINT('',(-9.5,-10.2834819006,5.));
#174 = ORIENTED_EDGE('',*,*,#175,.T.);
#175 = EDGE_CURVE('',#139,#75,#176,.T.);
#176 = CIRCLE('',#177,14.);
#177 = AXIS2_PLACEMENT_3D('',#178,#179,#180);
#178 = CARTESIAN_POINT('',(0.,0.,4.99999934641));
#179 = DIRECTION('',(0.,0.,-1.));
#180 = DIRECTION('',(0.,1.,0.));
#181 = CYLINDRICAL_SURFACE('',#182,14.);
#182 = AXIS2_PLACEMENT_3D('',#183,#184,#185);
#183 = CARTESIAN_POINT('',(0.,0.,4.99999934641));
#184 = DIRECTION('',(0.,0.,1.));
#185 = DIRECTION('',(0.,1.,0.));
#186 = ADVANCED_FACE('',(#187),#391,.F.);
#187 = FACE_BOUND('',#188,.T.);
#188 = EDGE_LOOP('',(#189,#248,#257,#266,#273,#274,#275,#284));
#189 = ORIENTED_EDGE('',*,*,#190,.F.);
#190 = EDGE_CURVE('',#191,#193,#195,.T.);
#191 = VERTEX_POINT('',#192);
#192 = CARTESIAN_POINT('',(12.2,-1.E-15,10.041742430504));
#193 = VERTEX_POINT('',#194);
#194 = CARTESIAN_POINT('',(-12.19289407915,-0.415952768922,
    10.041736755828));
#195 = B_SPLINE_CURVE_WITH_KNOTS('',6,(#196,#197,#198,#199,#200,#201,
    #202,#203,#204,#205,#206,#207,#208,#209,#210,#211,#212,#213,#214,
    #215,#216,#217,#218,#219,#220,#221,#222,#223,#224,#225,#226,#227,
    #228,#229,#230,#231,#232,#233,#234,#235,#236,#237,#238,#239,#240,
    #241,#242,#243,#244,#245,#246,#247),.UNSPECIFIED.,.F.,.F.,(7,5,5,5,5
    ,5,5,5,5,5,7),(0.,2.203158876505E-02,0.214647729847,0.226830747071,
    0.243591118892,0.261095410787,0.277851108889,0.458991825546,
    0.639406752213,0.819804992732,1.),.UNSPECIFIED.);
#196 = CARTESIAN_POINT('',(12.2,5.33E-15,10.041742430504));
#197 = CARTESIAN_POINT('',(12.200000002021,-0.139199665706,
    10.041742431386));
#198 = CARTESIAN_POINT('',(12.198094523425,-0.278399338114,
    10.041742610906));
#199 = CARTESIAN_POINT('',(12.19428346536,-0.417566395447,
    10.041742925876));
#200 = CARTESIAN_POINT('',(12.188567487454,-0.556668236188,
    10.041743339443));
#201 = CARTESIAN_POINT('',(12.180948007821,-0.695672279085,
    10.041743821087));
#202 = CARTESIAN_POINT('',(12.088189416919,-2.04868051367,
    10.041748941242));
#203 = CARTESIAN_POINT('',(11.859596172834,-3.253223660356,
    10.04175679584));
#204 = CARTESIAN_POINT('',(11.487006046939,-4.425566201372,
    10.041751874743));
#205 = CARTESIAN_POINT('',(10.97668592419,-5.544846093155,
    10.041746844609));
#206 = CARTESIAN_POINT('',(10.338010751264,-6.591402388538,
    10.041742590465));
#207 = CARTESIAN_POINT('',(9.537499354299,-7.608015379813,
    10.041740049882));
#208 = CARTESIAN_POINT('',(9.489420960409,-7.668130743949,
    10.041739905867));
#209 = CARTESIAN_POINT('',(9.440888113769,-7.727881237851,
    10.041739769096));
#210 = CARTESIAN_POINT('',(9.391904280949,-7.787262571923,10.04173963966
    ));
#211 = CARTESIAN_POINT('',(9.342472982356,-7.846270500546,
    10.041739517614));
#212 = CARTESIAN_POINT('',(9.223983694786,-7.985559493963,
    10.041739245264));
#213 = CARTESIAN_POINT('',(9.154529488745,-8.065503510968,
    10.041739101576));
#214 = CARTESIAN_POINT('',(9.08424448142,-8.144721932144,10.041738971954
    ));
#215 = CARTESIAN_POINT('',(9.013138165509,-8.223203982847,
    10.041738856334));
#216 = CARTESIAN_POINT('',(8.941220219101,-8.300939054734,
    10.041738754543));
#217 = CARTESIAN_POINT('',(8.792553080179,-8.45831106021,10.041738574146
    ));
#218 = CARTESIAN_POINT('',(8.715731131148,-8.537879267622,
    10.041738496777));
#219 = CARTESIAN_POINT('',(8.638045895211,-8.616609432423,
    10.041738433874));
#220 = CARTESIAN_POINT('',(8.559508818835,-8.694489868357,
    10.041738385026));
#221 = CARTESIAN_POINT('',(8.480131558332,-8.771509098482,
    10.041738349727));
#222 = CARTESIAN_POINT('',(8.323150497181,-8.920546096846,10.04173830599
    ));
#223 = CARTESIAN_POINT('',(8.245616026762,-8.992636897165,
    10.041738296473));
#224 = CARTESIAN_POINT('',(8.167332976373,-9.063918373463,
    10.041738298307));
#225 = CARTESIAN_POINT('',(8.088311920411,-9.134380827991,10.04173831092
    ));
#226 = CARTESIAN_POINT('',(8.008563599894,-9.20401474792,10.041738333695
    ));
#227 = CARTESIAN_POINT('',(7.05821995666,-10.01654389648,10.041738714826
    ));
#228 = CARTESIAN_POINT('',(6.104409065237,-10.66253406956,
    10.041740177357));
#229 = CARTESIAN_POINT('',(5.080845818003,-11.19851142732,
    10.041741902121));
#230 = CARTESIAN_POINT('',(4.003420310411,-11.61577407582,
    10.041742651752));
#231 = CARTESIAN_POINT('',(2.889145367436,-11.90809328832,
    10.041742756777));
#232 = CARTESIAN_POINT('',(0.628578915014,-12.23700285008,
    10.041742378187));
#233 = CARTESIAN_POINT('',(-0.518104377999,-12.27469145318,
    10.041741902761));
#234 = CARTESIAN_POINT('',(-1.665143999566,-12.18317270266,
    10.041741517054));
#235 = CARTESIAN_POINT('',(-2.794673466626,-11.96353955317,
    10.041741829382));
#236 = CARTESIAN_POINT('',(-3.889188558069,-11.61953434966,
    10.041742663441));
#237 = CARTESIAN_POINT('',(-5.974299428969,-10.6979897491,
    10.041744676317));
#238 = CARTESIAN_POINT('',(-6.965398873013,-10.12025359397,
    10.041745853268));
#239 = CARTESIAN_POINT('',(-7.888111202748,-9.432918977109,
    10.041746862404));
#240 = CARTESIAN_POINT('',(-8.727888278342,-8.646406779156,
    10.041747101887));
#241 = CARTESIAN_POINT('',(-9.471897991287,-7.773190297556,
    10.041746474294));
#242 = CARTESIAN_POINT('',(-10.74711316287,-5.885221749353,
    10.041744021552));
#243 = CARTESIAN_POINT('',(-11.27885851085,-4.870184481683,
    10.041742198124));
#244 = CARTESIAN_POINT('',(-11.69468546411,-3.798794249672,
    10.041740017672));
#245 = CARTESIAN_POINT('',(-11.98783410757,-2.687554947391,
    10.041738121387));
#246 = CARTESIAN_POINT('',(-12.15407798373,-1.553793020841,
    10.041737015722));
#247 = CARTESIAN_POINT('',(-12.19289407915,-0.415952768923,
    10.041736755828));
#248 = ORIENTED_EDGE('',*,*,#249,.T.);
#249 = EDGE_CURVE('',#191,#250,#252,.T.);
#250 = VERTEX_POINT('',#251);
#251 = CARTESIAN_POINT('',(12.,-1.E-15,9.999999999985));
#252 = CIRCLE('',#253,0.5);
#253 = AXIS2_PLACEMENT_3D('',#254,#255,#256);
#254 = CARTESIAN_POINT('',(12.,0.,10.5));
#255 = DIRECTION('',(-0.,1.,0.));
#256 = DIRECTION('',(-1.,-0.,0.));
#257 = ORIENTED_EDGE('',*,*,#258,.F.);
#258 = EDGE_CURVE('',#259,#250,#261,.T.);
#259 = VERTEX_POINT('',#260);
#260 = CARTESIAN_POINT('',(0.,12.,10.));
#261 = CIRCLE('',#262,12.);
#262 = AXIS2_PLACEMENT_3D('',#263,#264,#265);
#263 = CARTESIAN_POINT('',(0.,0.,10.));
#264 = DIRECTION('',(0.,0.,-1.));
#265 = DIRECTION('',(0.,1.,0.));
#266 = ORIENTED_EDGE('',*,*,#267,.T.);
#267 = EDGE_CURVE('',#259,#50,#268,.T.);
#268 = CIRCLE('',#269,0.5);
#269 = AXIS2_PLACEMENT_3D('',#270,#271,#272);
#270 = CARTESIAN_POINT('',(0.,12.,10.5));
#271 = DIRECTION('',(1.,0.,0.));
#272 = DIRECTION('',(0.,1.,0.));
#273 = ORIENTED_EDGE('',*,*,#49,.T.);
#274 = ORIENTED_EDGE('',*,*,#267,.F.);
#275 = ORIENTED_EDGE('',*,*,#276,.F.);
#276 = EDGE_CURVE('',#277,#259,#279,.T.);
#277 = VERTEX_POINT('',#278);
#278 = CARTESIAN_POINT('',(-8.485291083189,8.485278272635,
    10.000000000131));
#279 = CIRCLE('',#280,12.);
#280 = AXIS2_PLACEMENT_3D('',#281,#282,#283);
#281 = CARTESIAN_POINT('',(0.,0.,10.));
#282 = DIRECTION('',(0.,0.,-1.));
#283 = DIRECTION('',(0.,1.,0.));
#284 = ORIENTED_EDGE('',*,*,#285,.F.);
#285 = EDGE_CURVE('',#193,#277,#286,.T.);
#286 = B_SPLINE_CURVE_WITH_KNOTS('',7,(#287,#288,#289,#290,#291,#292,
    #293,#294,#295,#296,#297,#298,#299,#300,#301,#302,#303,#304,#305,
    #306,#307,#308,#309,#310,#311,#312,#313,#314,#315,#316,#317,#318,
    #319,#320,#321,#322,#323,#324,#325,#326,#327,#328,#329,#330,#331,
    #332,#333,#334,#335,#336,#337,#338,#339,#340,#341,#342,#343,#344,
    #345,#346,#347,#348,#349,#350,#351,#352,#353,#354,#355,#356,#357,
    #358,#359,#360,#361,#362,#363,#364,#365,#366,#367,#368,#369,#370,
    #371,#372,#373,#374,#375,#376,#377,#378,#379,#380,#381,#382,#383,
    #384,#385,#386,#387,#388,#389,#390),.UNSPECIFIED.,.F.,.F.,(8,6,6,6,6
    ,6,6,6,6,6,6,6,6,6,6,6,6,8),(0.,5.863758304202E-03,0.197111440697,
    0.369077890067,0.518692876576,0.646775231852,0.764098706671,
    0.842157222484,0.892526109172,0.925873046181,0.948709830601,
    0.96480454211,0.984258688797,0.992301333463,0.996146995359,
    0.998154897066,0.99920007836,1.),.UNSPECIFIED.);
#287 = CARTESIAN_POINT('',(-12.19289407915,-0.415952768922,
    10.041736755828));
#288 = CARTESIAN_POINT('',(-12.19309902976,-0.40760124213,
    10.041701882993));
#289 = CARTESIAN_POINT('',(-12.19329726418,-0.399249534968,
    10.041667009829));
#290 = CARTESIAN_POINT('',(-12.19348878169,-0.390897672836,
    10.041632136414));
#291 = CARTESIAN_POINT('',(-12.19367358176,-0.382545672499,
    10.041597262791));
#292 = CARTESIAN_POINT('',(-12.19385166408,-0.374193542092,
    10.041562388967));
#293 = CARTESIAN_POINT('',(-12.19402302855,-0.365841281116,
    10.041527514912));
#294 = CARTESIAN_POINT('',(-12.19955766269,-8.507361550531E-02,
    10.040355206445));
#295 = CARTESIAN_POINT('',(-12.197781368,0.187479590764,10.039217502779)
  );
#296 = CARTESIAN_POINT('',(-12.18884990765,0.459945215287,
    10.038079524215));
#297 = CARTESIAN_POINT('',(-12.1727628419,0.732097540442,10.036941265046
    ));
#298 = CARTESIAN_POINT('',(-12.14952817486,1.003710654072,
    10.035802719205));
#299 = CARTESIAN_POINT('',(-12.11916235447,1.274558449483,
    10.034663880266));
#300 = CARTESIAN_POINT('',(-12.04799605567,1.787064407336,
    10.032500448466));
#301 = CARTESIAN_POINT('',(-12.00855617461,2.028912748655,
    10.031475912289));
#302 = CARTESIAN_POINT('',(-11.96338865839,2.269795257022,10.03045112852
    ));
#303 = CARTESIAN_POINT('',(-11.91251696206,2.509547976264,
    10.029426091631));
#304 = CARTESIAN_POINT('',(-11.8559698557,2.748007351667,10.028400795503
    ));
#305 = CARTESIAN_POINT('',(-11.79378131331,2.985010195227,
    10.027375233972));
#306 = CARTESIAN_POINT('',(-11.66701066274,3.425182972733,
    10.025456902107));
#307 = CARTESIAN_POINT('',(-11.6037902481,3.628746562227,10.024564197462
    ));
#308 = CARTESIAN_POINT('',(-11.53635479894,3.830977279374,10.02367128299
    ));
#309 = CARTESIAN_POINT('',(-11.46473288731,4.031768288806,
    10.022778154209));
#310 = CARTESIAN_POINT('',(-11.38895581269,4.231012958864,
    10.021884806517));
#311 = CARTESIAN_POINT('',(-11.30905739853,4.428604760663,
    10.020991235112));
#312 = CARTESIAN_POINT('',(-11.15317712371,4.792085318238,
    10.019332270669));
#313 = CARTESIAN_POINT('',(-11.07828659927,4.95844393432,10.018566939362
    ));
#314 = CARTESIAN_POINT('',(-11.00042472946,5.123446270273,
    10.017801436918));
#315 = CARTESIAN_POINT('',(-10.91961543742,5.287025437373,10.01703576015
    ));
#316 = CARTESIAN_POINT('',(-10.83588369831,5.449114167505,
    10.016269906268));
#317 = CARTESIAN_POINT('',(-10.74925518224,5.609644577364,
    10.015503872407));
#318 = CARTESIAN_POINT('',(-10.57777452586,5.914103452494,10.01403579992
    ));
#319 = CARTESIAN_POINT('',(-10.49338472659,6.058293380747,
    10.013333793019));
#320 = CARTESIAN_POINT('',(-10.40660593906,6.201065019012,
    10.012631629572));
#321 = CARTESIAN_POINT('',(-10.31745856884,6.342364726231,
    10.011929307793));
#322 = CARTESIAN_POINT('',(-10.22596288413,6.482136981892,
    10.011226827906));
#323 = CARTESIAN_POINT('',(-10.13213791259,6.620323449216,
    10.010524191061));
#324 = CARTESIAN_POINT('',(-9.972037381136,6.847704895124,
    10.009353810987));
#325 = CARTESIAN_POINT('',(-9.907050988942,6.937817967021,
    10.008886156484));
#326 = CARTESIAN_POINT('',(-9.841045638292,7.02718286279,10.008418433932
    ));
#327 = CARTESIAN_POINT('',(-9.774025892089,7.11578020481,10.007950644947
    ));
#328 = CARTESIAN_POINT('',(-9.705995552357,7.203588762082,
    10.007482793289));
#329 = CARTESIAN_POINT('',(-9.636956813196,7.290584583216,
    10.007014884553));
#330 = CARTESIAN_POINT('',(-9.521709867084,7.432333793974,
    10.006244965772));
#331 = CARTESIAN_POINT('',(-9.476090513765,7.487577389016,
    10.005942985995));
#332 = CARTESIAN_POINT('',(-9.430051012184,7.542463398259,
    10.005640987949));
#333 = CARTESIAN_POINT('',(-9.383590938786,7.596983551891,
    10.005338974753));
#334 = CARTESIAN_POINT('',(-9.336709256033,7.65112819382,10.005036951377
    ));
#335 = CARTESIAN_POINT('',(-9.289403780377,7.704885648938,
    10.004734924779));
#336 = CARTESIAN_POINT('',(-9.210068727145,7.793566119751,
    10.004232949931));
#337 = CARTESIAN_POINT('',(-9.17827948104,7.828714530122,10.004032999144
    ));
#338 = CARTESIAN_POINT('',(-9.146301608682,7.863682571842,10.00383305403
    ));
#339 = CARTESIAN_POINT('',(-9.114133724596,7.898465409983,
    10.003633118296));
#340 = CARTESIAN_POINT('',(-9.081774007345,7.933057143195,
    10.003433197315));
#341 = CARTESIAN_POINT('',(-9.049219845808,7.967450322579,
    10.003233298428));
#342 = CARTESIAN_POINT('',(-8.994037881404,8.025046281994,10.0028965574)
  );
#343 = CARTESIAN_POINT('',(-8.971515431967,8.048359429875,
    10.002759699039));
#344 = CARTESIAN_POINT('',(-8.948898785454,8.071571795283,
    10.002622859031));
#345 = CARTESIAN_POINT('',(-8.926186539137,8.094679761325,
    10.002486041499));
#346 = CARTESIAN_POINT('',(-8.903376972192,8.117678797786,
    10.002349252226));
#347 = CARTESIAN_POINT('',(-8.880467778666,8.140563045805,
    10.002212499054));
#348 = CARTESIAN_POINT('',(-8.841237617347,8.179366807163,
    10.001979445279));
#349 = CARTESIAN_POINT('',(-8.824968491945,8.195347823987,
    10.001883121937));
#350 = CARTESIAN_POINT('',(-8.80864717649,8.211265222619,10.001786825644
    ));
#351 = CARTESIAN_POINT('',(-8.792272415594,8.227115801549,
    10.001690561122));
#352 = CARTESIAN_POINT('',(-8.775842713789,8.242895468348,
    10.001594334962));
#353 = CARTESIAN_POINT('',(-8.759356103105,8.25859881986,10.001498156162
    ));
#354 = CARTESIAN_POINT('',(-8.722810045776,8.293098953642,
    10.001285854221));
#355 = CARTESIAN_POINT('',(-8.702727160097,8.311853579949,
    10.001169781467));
#356 = CARTESIAN_POINT('',(-8.682551555893,8.330473183967,
    10.001053815099));
#357 = CARTESIAN_POINT('',(-8.662276825872,8.348944466697,
    10.000937972979));
#358 = CARTESIAN_POINT('',(-8.641893892076,8.367232905427,10.00082232787
    ));
#359 = CARTESIAN_POINT('',(-8.621399132557,8.385305063826,
    10.000706965189));
#360 = CARTESIAN_POINT('',(-8.592232803839,8.410389035978,
    10.000544639439));
#361 = CARTESIAN_POINT('',(-8.583680747041,8.417667560551,
    10.000497265633));
#362 = CARTESIAN_POINT('',(-8.575103132373,8.42488325562,10.000449996829
    ));
#363 = CARTESIAN_POINT('',(-8.5664971436,8.432023249817,10.000402862645)
  );
#364 = CARTESIAN_POINT('',(-8.557862373202,8.439071919611,
    10.000355908073));
#365 = CARTESIAN_POINT('',(-8.549199206692,8.44600329386,10.000309211344
    ));
#366 = CARTESIAN_POINT('',(-8.536347553789,8.455991057031,
    10.000240806664));
#367 = CARTESIAN_POINT('',(-8.532185977513,8.459179605075,
    10.000218790702));
#368 = CARTESIAN_POINT('',(-8.528017153787,8.462322206772,
    10.000196888407));
#369 = CARTESIAN_POINT('',(-8.523841016285,8.46540852612,10.000175130424
    ));
#370 = CARTESIAN_POINT('',(-8.519660071988,8.468425307721,10.00015356383
    ));
#371 = CARTESIAN_POINT('',(-8.515479377256,8.471350966799,
    10.000132268288));
#372 = CARTESIAN_POINT('',(-8.509128223032,8.475597702204,
    10.000100505247));
#373 = CARTESIAN_POINT('',(-8.506955378256,8.477014946787,
    10.000089744543));
#374 = CARTESIAN_POINT('',(-8.504785960647,8.47838914347,10.000079122293
    ));
#375 = CARTESIAN_POINT('',(-8.502622344494,8.479710058037,
    10.000068676266));
#376 = CARTESIAN_POINT('',(-8.500470634311,8.480963702948,
    10.000058466659));
#377 = CARTESIAN_POINT('',(-8.498341647128,8.482128065344,
    10.000048591878));
#378 = CARTESIAN_POINT('',(-8.495167058336,8.48369966683,10.000034359433
    ));
#379 = CARTESIAN_POINT('',(-8.4940937416,8.484200980644,10.000029637306)
  );
#380 = CARTESIAN_POINT('',(-8.493034828024,8.48466086291,10.000025082331
    ));
#381 = CARTESIAN_POINT('',(-8.491995177994,8.4850708836,10.000020734376)
  );
#382 = CARTESIAN_POINT('',(-8.490983569521,8.485418911703,
    10.000016656179));
#383 = CARTESIAN_POINT('',(-8.490012698249,8.485689115223,
    10.000012933349));
#384 = CARTESIAN_POINT('',(-8.488400021173,8.485994247535,
    10.000007180134));
#385 = CARTESIAN_POINT('',(-8.487734217972,8.486069352769,
    10.000004957347));
#386 = CARTESIAN_POINT('',(-8.487111270363,8.486078284656,
    10.000003061515));
#387 = CARTESIAN_POINT('',(-8.48654400853,8.486010229289,10.000001563624
    ));
#388 = CARTESIAN_POINT('',(-8.486045723815,8.485856023931,
    10.000000531114));
#389 = CARTESIAN_POINT('',(-8.485627302212,8.485611629879,
    10.000000008848));
#390 = CARTESIAN_POINT('',(-8.485294357862,8.485281605315,
    10.000000000087));
#391 = TOROIDAL_SURFACE('',#392,12.,0.5);
#392 = AXIS2_PLACEMENT_3D('',#393,#394,#395);
#393 = CARTESIAN_POINT('',(0.,0.,10.5));
#394 = DIRECTION('',(0.,0.,1.));
#395 = DIRECTION('',(0.,1.,0.));
#396 = ADVANCED_FACE('',(#397),#434,.T.);
#397 = FACE_BOUND('',#398,.F.);
#398 = EDGE_LOOP('',(#399,#410,#416,#417,#427));
#399 = ORIENTED_EDGE('',*,*,#400,.T.);
#400 = EDGE_CURVE('',#401,#403,#405,.T.);
#401 = VERTEX_POINT('',#402);
#402 = CARTESIAN_POINT('',(-6.633249580711,-10.,3.));
#403 = VERTEX_POINT('',#404);
#404 = CARTESIAN_POINT('',(0.,12.,3.));
#405 = CIRCLE('',#406,12.);
#406 = AXIS2_PLACEMENT_3D('',#407,#408,#409);
#407 = CARTESIAN_POINT('',(0.,0.,3.));
#408 = DIRECTION('',(0.,0.,-1.));
#409 = DIRECTION('',(0.,1.,0.));
#410 = ORIENTED_EDGE('',*,*,#411,.T.);
#411 = EDGE_CURVE('',#403,#75,#412,.T.);
#412 = LINE('',#413,#414);
#413 = CARTESIAN_POINT('',(0.,12.,3.));
#414 = VECTOR('',#415,1.);
#415 = DIRECTION('',(0.,0.707106896726,0.707106665647));
#416 = ORIENTED_EDGE('',*,*,#175,.F.);
#417 = ORIENTED_EDGE('',*,*,#418,.T.);
#418 = EDGE_CURVE('',#139,#419,#421,.T.);
#419 = VERTEX_POINT('',#420);
#420 = CARTESIAN_POINT('',(-9.488425783545,-10.,4.78514445938));
#421 = B_SPLINE_CURVE_WITH_KNOTS('',4,(#422,#423,#424,#425,#426),
  .UNSPECIFIED.,.F.,.F.,(5,5),(0.,1.),.PIECEWISE_BEZIER_KNOTS.);
#422 = CARTESIAN_POINT('',(-9.5,-10.2834819006,4.99999934641));
#423 = CARTESIAN_POINT('',(-9.499999982721,-10.21149897888,
    4.947125418205));
#424 = CARTESIAN_POINT('',(-9.49813586525,-10.14017518935,4.89369790255)
  );
#425 = CARTESIAN_POINT('',(-9.494321772358,-10.06960129109,
    4.839692593088));
#426 = CARTESIAN_POINT('',(-9.488418410348,-9.999912945513,4.78507623354
    ));
#427 = ORIENTED_EDGE('',*,*,#428,.T.);
#428 = EDGE_CURVE('',#419,#401,#429,.T.);
#429 = HYPERBOLA('',#430,9.999996732052,10.);
#430 = AXIS2_PLACEMENT_3D('',#431,#432,#433);
#431 = CARTESIAN_POINT('',(0.,-10.,-8.999996078462));
#432 = DIRECTION('',(0.,1.,0.));
#433 = DIRECTION('',(0.,0.,1.));
#434 = CONICAL_SURFACE('',#435,12.,0.785398326795);
#435 = AXIS2_PLACEMENT_3D('',#436,#437,#438);
#436 = CARTESIAN_POINT('',(0.,0.,3.));
#437 = DIRECTION('',(0.,0.,1.));
#438 = DIRECTION('',(0.,1.,0.));
#439 = ADVANCED_FACE('',(#440),#459,.F.);
#440 = FACE_BOUND('',#441,.F.);
#441 = EDGE_LOOP('',(#442,#443,#451,#458));
#442 = ORIENTED_EDGE('',*,*,#138,.F.);
#443 = ORIENTED_EDGE('',*,*,#444,.T.);
#444 = EDGE_CURVE('',#130,#445,#447,.T.);
#445 = VERTEX_POINT('',#446);
#446 = CARTESIAN_POINT('',(-7.499999999999,-10.,7.));
#447 = LINE('',#448,#449);
#448 = CARTESIAN_POINT('',(-7.499999999999,-17.,7.));
#449 = VECTOR('',#450,1.);
#450 = DIRECTION('',(0.,1.,-2.2E-16));
#451 = ORIENTED_EDGE('',*,*,#452,.T.);
#452 = EDGE_CURVE('',#445,#419,#453,.T.);
#453 = CIRCLE('',#454,2.);
#454 = AXIS2_PLACEMENT_3D('',#455,#456,#457);
#455 = CARTESIAN_POINT('',(-7.5,-10.,5.));
#456 = DIRECTION('',(0.,-1.,0.));
#457 = DIRECTION('',(1.,0.,0.));
#458 = ORIENTED_EDGE('',*,*,#418,.F.);
#459 = CYLINDRICAL_SURFACE('',#460,2.);
#460 = AXIS2_PLACEMENT_3D('',#461,#462,#463);
#461 = CARTESIAN_POINT('',(-7.5,-17.,5.));
#462 = DIRECTION('',(0.,-1.,2.2E-16));
#463 = DIRECTION('',(1.,0.,0.));
#464 = ADVANCED_FACE('',(#465),#483,.T.);
#465 = FACE_BOUND('',#466,.T.);
#466 = EDGE_LOOP('',(#467,#468,#469,#477));
#467 = ORIENTED_EDGE('',*,*,#129,.F.);
#468 = ORIENTED_EDGE('',*,*,#444,.T.);
#469 = ORIENTED_EDGE('',*,*,#470,.T.);
#470 = EDGE_CURVE('',#445,#471,#473,.T.);
#471 = VERTEX_POINT('',#472);
#472 = CARTESIAN_POINT('',(7.499999999999,-10.,7.));
#473 = LINE('',#474,#475);
#474 = CARTESIAN_POINT('',(-7.499999999999,-10.,7.));
#475 = VECTOR('',#476,1.);
#476 = DIRECTION('',(1.,0.,0.));
#477 = ORIENTED_EDGE('',*,*,#478,.F.);
#478 = EDGE_CURVE('',#93,#471,#479,.T.);
#479 = LINE('',#480,#481);
#480 = CARTESIAN_POINT('',(7.499999999999,-17.,7.));
#481 = VECTOR('',#482,1.);
#482 = DIRECTION('',(0.,1.,-2.2E-16));
#483 = PLANE('',#484);
#484 = AXIS2_PLACEMENT_3D('',#485,#486,#487);
#485 = CARTESIAN_POINT('',(-7.499999999999,-17.,7.));
#486 = DIRECTION('',(0.,-2.2E-16,-1.));
#487 = DIRECTION('',(1.,0.,0.));
#488 = ADVANCED_FACE('',(#489),#519,.F.);
#489 = FACE_BOUND('',#490,.F.);
#490 = EDGE_LOOP('',(#491,#510,#517,#518));
#491 = ORIENTED_EDGE('',*,*,#492,.F.);
#492 = EDGE_CURVE('',#493,#84,#495,.T.);
#493 = VERTEX_POINT('',#494);
#494 = CARTESIAN_POINT('',(9.488425783545,-10.,4.78514445938));
#495 = B_SPLINE_CURVE_WITH_KNOTS('',4,(#496,#497,#498,#499,#500,#501,
    #502,#503,#504,#505,#506,#507,#508,#509),.UNSPECIFIED.,.F.,.F.,(5,3,
    3,3,5),(0.,0.82816147172,0.915254376974,0.956503960692,1.),
  .UNSPECIFIED.);
#496 = CARTESIAN_POINT('',(9.488418410348,-9.999912945513,4.78507623354)
  );
#497 = CARTESIAN_POINT('',(9.493338774081,-10.05799713679,4.83059815042)
  );
#498 = CARTESIAN_POINT('',(9.496807630172,-10.11669664487,4.8756955848)
  );
#499 = CARTESIAN_POINT('',(9.498905991363,-10.17593251421,4.920387787513
    ));
#500 = CARTESIAN_POINT('',(9.499770538165,-10.24192834157,4.969348614464
    ));
#501 = CARTESIAN_POINT('',(9.499838252228,-10.24821361576,4.974003264738
    ));
#502 = CARTESIAN_POINT('',(9.499891476874,-10.25450412924,4.978653614719
    ));
#503 = CARTESIAN_POINT('',(9.499948648823,-10.26378162766,4.985500185274
    ));
#504 = CARTESIAN_POINT('',(9.499963057479,-10.26657270046,4.98755836539)
  );
#505 = CARTESIAN_POINT('',(9.499975661948,-10.26981473011,4.989946777348
    ));
#506 = CARTESIAN_POINT('',(9.499991751479,-10.27519390616,4.993906936928
    ));
#507 = CARTESIAN_POINT('',(9.499997251657,-10.27795640467,4.995939150745
    ));
#508 = CARTESIAN_POINT('',(9.5,-10.28071808834,4.997969231758));
#509 = CARTESIAN_POINT('',(9.5,-10.2834819006,4.99999934641));
#510 = ORIENTED_EDGE('',*,*,#511,.T.);
#511 = EDGE_CURVE('',#493,#471,#512,.T.);
#512 = CIRCLE('',#513,2.);
#513 = AXIS2_PLACEMENT_3D('',#514,#515,#516);
#514 = CARTESIAN_POINT('',(7.5,-10.,5.));
#515 = DIRECTION('',(0.,-1.,0.));
#516 = DIRECTION('',(1.,0.,0.));
#517 = ORIENTED_EDGE('',*,*,#478,.F.);
#518 = ORIENTED_EDGE('',*,*,#92,.F.);
#519 = CYLINDRICAL_SURFACE('',#520,2.);
#520 = AXIS2_PLACEMENT_3D('',#521,#522,#523);
#521 = CARTESIAN_POINT('',(7.5,-17.,5.));
#522 = DIRECTION('',(0.,-1.,2.2E-16));
#523 = DIRECTION('',(1.,0.,0.));
#524 = ADVANCED_FACE('',(#525),#546,.T.);
#525 = FACE_BOUND('',#526,.F.);
#526 = EDGE_LOOP('',(#527,#528,#537,#544,#545));
#527 = ORIENTED_EDGE('',*,*,#411,.F.);
#528 = ORIENTED_EDGE('',*,*,#529,.T.);
#529 = EDGE_CURVE('',#403,#530,#532,.T.);
#530 = VERTEX_POINT('',#531);
#531 = CARTESIAN_POINT('',(6.633249580711,-10.,3.));
#532 = CIRCLE('',#533,12.);
#533 = AXIS2_PLACEMENT_3D('',#534,#535,#536);
#534 = CARTESIAN_POINT('',(0.,0.,3.));
#535 = DIRECTION('',(0.,0.,-1.));
#536 = DIRECTION('',(0.,1.,0.));
#537 = ORIENTED_EDGE('',*,*,#538,.T.);
#538 = EDGE_CURVE('',#530,#493,#539,.T.);
#539 = HYPERBOLA('',#540,9.999996732052,10.);
#540 = AXIS2_PLACEMENT_3D('',#541,#542,#543);
#541 = CARTESIAN_POINT('',(0.,-10.,-8.999996078462));
#542 = DIRECTION('',(0.,1.,0.));
#543 = DIRECTION('',(0.,0.,1.));
#544 = ORIENTED_EDGE('',*,*,#492,.T.);
#545 = ORIENTED_EDGE('',*,*,#83,.F.);
#546 = CONICAL_SURFACE('',#547,12.,0.785398326795);
#547 = AXIS2_PLACEMENT_3D('',#548,#549,#550);
#548 = CARTESIAN_POINT('',(0.,0.,3.));
#549 = DIRECTION('',(0.,0.,1.));
#550 = DIRECTION('',(0.,1.,0.));
#551 = ADVANCED_FACE('',(#552),#578,.F.);
#552 = FACE_BOUND('',#553,.T.);
#553 = EDGE_LOOP('',(#554,#571,#577));
#554 = ORIENTED_EDGE('',*,*,#555,.T.);
#555 = EDGE_CURVE('',#277,#556,#558,.T.);
#556 = VERTEX_POINT('',#557);
#557 = CARTESIAN_POINT('',(4.4237E-11,11.999999658553,9.960000059035));
#558 = B_SPLINE_CURVE_WITH_KNOTS('',11,(#559,#560,#561,#562,#563,#564,
    #565,#566,#567,#568,#569,#570),.UNSPECIFIED.,.F.,.F.,(12,12),(0.,
    6.285222160302),.PIECEWISE_BEZIER_KNOTS.);
#559 = CARTESIAN_POINT('',(12.,1.19E-15,10.199999999983));
#560 = CARTESIAN_POINT('',(12.000000101169,-6.854384055686,
    10.170909092104));
#561 = CARTESIAN_POINT('',(7.694189651059,-13.70861228501,
    10.141818180106));
#562 = CARTESIAN_POINT('',(-0.926362819008,-17.55778639349,
    10.112727275698));
#563 = CARTESIAN_POINT('',(-11.45768725215,-15.38487624569,
    10.083636361924));
#564 = CARTESIAN_POINT('',(-19.31013091662,-6.34473968334,
    10.054545454111));
#565 = CARTESIAN_POINT('',(-19.31013150733,6.344739728036,10.02545454966
    ));
#566 = CARTESIAN_POINT('',(-11.45768687339,15.384876171927,
    9.996363631066));
#567 = CARTESIAN_POINT('',(-0.926362951296,17.557786445284,
    9.967272732248));
#568 = CARTESIAN_POINT('',(7.694189679354,13.708612271435,9.938181815814
    ));
#569 = CARTESIAN_POINT('',(12.000000100725,6.854384048276,9.909090910274
    ));
#570 = CARTESIAN_POINT('',(12.000000000342,-4.81890801E-09,
    9.880000000005));
#571 = ORIENTED_EDGE('',*,*,#572,.T.);
#572 = EDGE_CURVE('',#556,#259,#573,.T.);
#573 = LINE('',#574,#575);
#574 = CARTESIAN_POINT('',(0.,12.,8.532088886238));
#575 = VECTOR('',#576,1.);
#576 = DIRECTION('',(0.,0.,1.));
#577 = ORIENTED_EDGE('',*,*,#276,.F.);
#578 = CYLINDRICAL_SURFACE('',#579,12.);
#579 = AXIS2_PLACEMENT_3D('',#580,#581,#582);
#580 = CARTESIAN_POINT('',(0.,0.,8.532088886238));
#581 = DIRECTION('',(0.,0.,1.));
#582 = DIRECTION('',(0.,1.,0.));
#583 = ADVANCED_FACE('',(#584),#627,.T.);
#584 = FACE_BOUND('',#585,.T.);
#585 = EDGE_LOOP('',(#586,#587,#588,#605,#612));
#586 = ORIENTED_EDGE('',*,*,#555,.F.);
#587 = ORIENTED_EDGE('',*,*,#285,.F.);
#588 = ORIENTED_EDGE('',*,*,#589,.T.);
#589 = EDGE_CURVE('',#193,#590,#592,.T.);
#590 = VERTEX_POINT('',#591);
#591 = CARTESIAN_POINT('',(12.200000000341,-4.819904E-09,9.880000000005)
  );
#592 = B_SPLINE_CURVE_WITH_KNOTS('',11,(#593,#594,#595,#596,#597,#598,
    #599,#600,#601,#602,#603,#604),.UNSPECIFIED.,.F.,.F.,(12,12),(0.,
    6.285222160302),.PIECEWISE_BEZIER_KNOTS.);
#593 = CARTESIAN_POINT('',(12.2,-4.1E-16,10.199999999983));
#594 = CARTESIAN_POINT('',(12.200000101168,-6.968623788532,
    10.170909092104));
#595 = CARTESIAN_POINT('',(7.822426148552,-13.93708916187,
    10.141818180106));
#596 = CARTESIAN_POINT('',(-0.941802206169,-17.85041614888,
    10.112727275698));
#597 = CARTESIAN_POINT('',(-11.64864869656,-15.64129088376,
    10.083636361924));
#598 = CARTESIAN_POINT('',(-19.63196643902,-6.450485295925,
    10.054545454111));
#599 = CARTESIAN_POINT('',(-19.63196702972,6.450485340614,
    10.025454549659));
#600 = CARTESIAN_POINT('',(-11.64864831781,15.641290810004,
    9.996363631068));
#601 = CARTESIAN_POINT('',(-0.94180233845,17.850416200669,9.967272732246
    ));
#602 = CARTESIAN_POINT('',(7.822426176844,13.937089148288,9.938181815815
    ));
#603 = CARTESIAN_POINT('',(12.200000100725,6.968623781123,9.909090910274
    ));
#604 = CARTESIAN_POINT('',(12.200000000342,-4.81902344E-09,
    9.880000000005));
#605 = ORIENTED_EDGE('',*,*,#606,.F.);
#606 = EDGE_CURVE('',#607,#590,#609,.T.);
#607 = VERTEX_POINT('',#608);
#608 = CARTESIAN_POINT('',(12.000000000341,-4.819803E-09,9.880000000005)
  );
#609 = B_SPLINE_CURVE_WITH_KNOTS('',1,(#610,#611),.UNSPECIFIED.,.F.,.F.,
  (2,2),(-0.2,-0.),.PIECEWISE_BEZIER_KNOTS.);
#610 = CARTESIAN_POINT('',(12.000000000342,-4.81890801E-09,
    9.880000000005));
#611 = CARTESIAN_POINT('',(12.200000000342,-4.81902344E-09,
    9.880000000005));
#612 = ORIENTED_EDGE('',*,*,#613,.F.);
#613 = EDGE_CURVE('',#556,#607,#614,.T.);
#614 = B_SPLINE_CURVE_WITH_KNOTS('',11,(#615,#616,#617,#618,#619,#620,
    #621,#622,#623,#624,#625,#626),.UNSPECIFIED.,.F.,.F.,(12,12),(0.,
    6.285222160302),.PIECEWISE_BEZIER_KNOTS.);
#615 = CARTESIAN_POINT('',(12.,1.19E-15,10.199999999983));
#616 = CARTESIAN_POINT('',(12.000000101169,-6.854384055686,
    10.170909092104));
#617 = CARTESIAN_POINT('',(7.694189651059,-13.70861228501,
    10.141818180106));
#618 = CARTESIAN_POINT('',(-0.926362819008,-17.55778639349,
    10.112727275698));
#619 = CARTESIAN_POINT('',(-11.45768725215,-15.38487624569,
    10.083636361924));
#620 = CARTESIAN_POINT('',(-19.31013091662,-6.34473968334,
    10.054545454111));
#621 = CARTESIAN_POINT('',(-19.31013150733,6.344739728036,10.02545454966
    ));
#622 = CARTESIAN_POINT('',(-11.45768687339,15.384876171927,
    9.996363631066));
#623 = CARTESIAN_POINT('',(-0.926362951296,17.557786445284,
    9.967272732248));
#624 = CARTESIAN_POINT('',(7.694189679354,13.708612271435,9.938181815814
    ));
#625 = CARTESIAN_POINT('',(12.000000100725,6.854384048276,9.909090910274
    ));
#626 = CARTESIAN_POINT('',(12.000000000342,-4.81890801E-09,
    9.880000000005));
#627 = B_SPLINE_SURFACE_WITH_KNOTS('',1,11,(
    (#628,#629,#630,#631,#632,#633,#634,#635,#636,#637,#638,#639)
    ,(#640,#641,#642,#643,#644,#645,#646,#647,#648,#649,#650,#651
  )),.UNSPECIFIED.,.F.,.F.,.F.,(2,2),(12,12),(-0.2,-0.),(0.,
    6.285222160302),.PIECEWISE_BEZIER_KNOTS.);
#628 = CARTESIAN_POINT('',(12.,1.19E-15,10.199999999983));
#629 = CARTESIAN_POINT('',(12.000000101169,-6.854384055686,
    10.170909092104));
#630 = CARTESIAN_POINT('',(7.69418965106,-13.70861228501,10.141818180106
    ));
#631 = CARTESIAN_POINT('',(-0.926362819009,-17.55778639349,
    10.112727275698));
#632 = CARTESIAN_POINT('',(-11.45768725215,-15.38487624569,
    10.083636361924));
#633 = CARTESIAN_POINT('',(-19.31013091662,-6.34473968334,
    10.054545454111));
#634 = CARTESIAN_POINT('',(-19.31013150733,6.344739728036,10.02545454966
    ));
#635 = CARTESIAN_POINT('',(-11.4576868734,15.384876171927,9.996363631066
    ));
#636 = CARTESIAN_POINT('',(-0.926362951295,17.557786445284,
    9.967272732248));
#637 = CARTESIAN_POINT('',(7.694189679354,13.708612271435,9.938181815814
    ));
#638 = CARTESIAN_POINT('',(12.000000100725,6.854384048276,9.909090910274
    ));
#639 = CARTESIAN_POINT('',(12.000000000342,-4.81890801E-09,
    9.880000000005));
#640 = CARTESIAN_POINT('',(12.2,-4.1E-16,10.199999999983));
#641 = CARTESIAN_POINT('',(12.200000101168,-6.968623788532,
    10.170909092104));
#642 = CARTESIAN_POINT('',(7.822426148552,-13.93708916187,
    10.141818180106));
#643 = CARTESIAN_POINT('',(-0.941802206169,-17.85041614888,
    10.112727275698));
#644 = CARTESIAN_POINT('',(-11.64864869656,-15.64129088376,
    10.083636361924));
#645 = CARTESIAN_POINT('',(-19.63196643902,-6.450485295925,
    10.054545454111));
#646 = CARTESIAN_POINT('',(-19.63196702972,6.450485340614,
    10.025454549659));
#647 = CARTESIAN_POINT('',(-11.64864831781,15.641290810004,
    9.996363631068));
#648 = CARTESIAN_POINT('',(-0.94180233845,17.850416200669,9.967272732246
    ));
#649 = CARTESIAN_POINT('',(7.822426176844,13.937089148288,9.938181815815
    ));
#650 = CARTESIAN_POINT('',(12.200000100725,6.968623781123,9.909090910274
    ));
#651 = CARTESIAN_POINT('',(12.200000000342,-4.81902344E-09,
    9.880000000005));
#652 = ADVANCED_FACE('',(#653),#686,.T.);
#653 = FACE_BOUND('',#654,.T.);
#654 = EDGE_LOOP('',(#655,#656,#657,#664,#681));
#655 = ORIENTED_EDGE('',*,*,#589,.F.);
#656 = ORIENTED_EDGE('',*,*,#190,.F.);
#657 = ORIENTED_EDGE('',*,*,#658,.T.);
#658 = EDGE_CURVE('',#191,#659,#661,.T.);
#659 = VERTEX_POINT('',#660);
#660 = CARTESIAN_POINT('',(12.2,-1.E-15,9.999999999985));
#661 = B_SPLINE_CURVE_WITH_KNOTS('',1,(#662,#663),.UNSPECIFIED.,.F.,.F.,
  (2,2),(-0.2,-0.),.PIECEWISE_BEZIER_KNOTS.);
#662 = CARTESIAN_POINT('',(12.2,-4.1E-16,10.199999999983));
#663 = CARTESIAN_POINT('',(12.2,-1.4E-15,9.999999999985));
#664 = ORIENTED_EDGE('',*,*,#665,.T.);
#665 = EDGE_CURVE('',#659,#666,#668,.T.);
#666 = VERTEX_POINT('',#667);
#667 = CARTESIAN_POINT('',(12.200000000341,-4.819894E-09,9.679999999993)
  );
#668 = B_SPLINE_CURVE_WITH_KNOTS('',11,(#669,#670,#671,#672,#673,#674,
    #675,#676,#677,#678,#679,#680),.UNSPECIFIED.,.F.,.F.,(12,12),(0.,
    6.285222160302),.PIECEWISE_BEZIER_KNOTS.);
#669 = CARTESIAN_POINT('',(12.2,-8.81E-15,9.999999999985));
#670 = CARTESIAN_POINT('',(12.200000101168,-6.968623788533,
    9.970909092107));
#671 = CARTESIAN_POINT('',(7.822426148551,-13.93708916186,9.941818180079
    ));
#672 = CARTESIAN_POINT('',(-0.941802206163,-17.85041614888,
    9.912727275872));
#673 = CARTESIAN_POINT('',(-11.64864869658,-15.64129088374,
    9.883636361433));
#674 = CARTESIAN_POINT('',(-19.63196643899,-6.450485295939,9.85454545501
    ));
#675 = CARTESIAN_POINT('',(-19.63196702975,6.45048534063,9.825454548561)
  );
#676 = CARTESIAN_POINT('',(-11.64864831779,15.641290809991,
    9.796363632002));
#677 = CARTESIAN_POINT('',(-0.941802338459,17.850416200676,
    9.767272731722));
#678 = CARTESIAN_POINT('',(7.822426176846,13.937089148286,9.738181815994
    ));
#679 = CARTESIAN_POINT('',(12.200000100725,6.968623781123,9.709090910262
    ));
#680 = CARTESIAN_POINT('',(12.200000000342,-4.81900342E-09,
    9.679999999993));
#681 = ORIENTED_EDGE('',*,*,#682,.F.);
#682 = EDGE_CURVE('',#590,#666,#683,.T.);
#683 = B_SPLINE_CURVE_WITH_KNOTS('',1,(#684,#685),.UNSPECIFIED.,.F.,.F.,
  (2,2),(-0.2,-0.),.PIECEWISE_BEZIER_KNOTS.);
#684 = CARTESIAN_POINT('',(12.200000000342,-4.81902344E-09,
    9.880000000005));
#685 = CARTESIAN_POINT('',(12.200000000342,-4.81900312E-09,
    9.679999999993));
#686 = B_SPLINE_SURFACE_WITH_KNOTS('',1,11,(
    (#687,#688,#689,#690,#691,#692,#693,#694,#695,#696,#697,#698)
    ,(#699,#700,#701,#702,#703,#704,#705,#706,#707,#708,#709,#710
  )),.UNSPECIFIED.,.F.,.F.,.F.,(2,2),(12,12),(-0.2,-0.),(0.,
    6.285222160302),.PIECEWISE_BEZIER_KNOTS.);
#687 = CARTESIAN_POINT('',(12.2,-4.1E-16,10.199999999983));
#688 = CARTESIAN_POINT('',(12.200000101168,-6.968623788532,
    10.170909092104));
#689 = CARTESIAN_POINT('',(7.822426148552,-13.93708916187,
    10.141818180106));
#690 = CARTESIAN_POINT('',(-0.941802206169,-17.85041614888,
    10.112727275698));
#691 = CARTESIAN_POINT('',(-11.64864869656,-15.64129088376,
    10.083636361924));
#692 = CARTESIAN_POINT('',(-19.63196643902,-6.450485295925,
    10.054545454111));
#693 = CARTESIAN_POINT('',(-19.63196702972,6.450485340614,
    10.025454549659));
#694 = CARTESIAN_POINT('',(-11.64864831781,15.641290810004,
    9.996363631068));
#695 = CARTESIAN_POINT('',(-0.94180233845,17.850416200669,9.967272732246
    ));
#696 = CARTESIAN_POINT('',(7.822426176844,13.937089148288,9.938181815815
    ));
#697 = CARTESIAN_POINT('',(12.200000100725,6.968623781123,9.909090910274
    ));
#698 = CARTESIAN_POINT('',(12.200000000342,-4.81902344E-09,
    9.880000000005));
#699 = CARTESIAN_POINT('',(12.2,-1.4E-15,9.999999999985));
#700 = CARTESIAN_POINT('',(12.200000101168,-6.968623788532,
    9.970909092107));
#701 = CARTESIAN_POINT('',(7.822426148551,-13.93708916187,9.941818180079
    ));
#702 = CARTESIAN_POINT('',(-0.941802206161,-17.85041614888,
    9.912727275872));
#703 = CARTESIAN_POINT('',(-11.64864869658,-15.64129088375,
    9.883636361433));
#704 = CARTESIAN_POINT('',(-19.63196643899,-6.450485295936,9.85454545501
    ));
#705 = CARTESIAN_POINT('',(-19.63196702976,6.450485340628,9.825454548561
    ));
#706 = CARTESIAN_POINT('',(-11.64864831779,15.641290809992,
    9.796363632002));
#707 = CARTESIAN_POINT('',(-0.941802338461,17.850416200676,
    9.767272731722));
#708 = CARTESIAN_POINT('',(7.822426176847,13.937089148286,9.738181815994
    ));
#709 = CARTESIAN_POINT('',(12.200000100725,6.968623781123,9.709090910262
    ));
#710 = CARTESIAN_POINT('',(12.200000000342,-4.81900312E-09,
    9.679999999993));
#711 = ADVANCED_FACE('',(#712),#721,.F.);
#712 = FACE_BOUND('',#713,.F.);
#713 = EDGE_LOOP('',(#714,#715,#720));
#714 = ORIENTED_EDGE('',*,*,#658,.T.);
#715 = ORIENTED_EDGE('',*,*,#716,.T.);
#716 = EDGE_CURVE('',#659,#250,#717,.T.);
#717 = B_SPLINE_CURVE_WITH_KNOTS('',1,(#718,#719),.UNSPECIFIED.,.F.,.F.,
  (2,2),(-0.2,-0.),.PIECEWISE_BEZIER_KNOTS.);
#718 = CARTESIAN_POINT('',(12.2,-8.81E-15,9.999999999985));
#719 = CARTESIAN_POINT('',(12.,-1.39E-15,9.999999999985));
#720 = ORIENTED_EDGE('',*,*,#249,.F.);
#721 = PLANE('',#722);
#722 = AXIS2_PLACEMENT_3D('',#723,#724,#725);
#723 = CARTESIAN_POINT('',(12.1,2.08E-15,10.1));
#724 = DIRECTION('',(-0.,1.,0.));
#725 = DIRECTION('',(0.,0.,1.));
#726 = ADVANCED_FACE('',(#727),#772,.F.);
#727 = FACE_BOUND('',#728,.T.);
#728 = EDGE_LOOP('',(#729,#746,#754,#769,#770,#771));
#729 = ORIENTED_EDGE('',*,*,#730,.T.);
#730 = EDGE_CURVE('',#607,#731,#733,.T.);
#731 = VERTEX_POINT('',#732);
#732 = CARTESIAN_POINT('',(-1.17E-13,11.999999647658,9.640000058783));
#733 = B_SPLINE_CURVE_WITH_KNOTS('',11,(#734,#735,#736,#737,#738,#739,
    #740,#741,#742,#743,#744,#745),.UNSPECIFIED.,.F.,.F.,(12,12),(0.,
    6.285222160302),.PIECEWISE_BEZIER_KNOTS.);
#734 = CARTESIAN_POINT('',(12.000000000341,-4.82010986E-09,
    9.880000000005));
#735 = CARTESIAN_POINT('',(11.999999952575,-6.854384047064,
    9.850909090392));
#736 = CARTESIAN_POINT('',(7.694189997834,-13.70861223394,9.821818183887
    ));
#737 = CARTESIAN_POINT('',(-0.926363523194,-17.55778645862,
    9.792727268037));
#738 = CARTESIAN_POINT('',(-11.4576863884,-15.38487605161,9.763636370913
    ));
#739 = CARTESIAN_POINT('',(-19.31013142909,-6.344739860392,
    9.734545447081));
#740 = CARTESIAN_POINT('',(-19.31013152713,6.344739958392,9.705454550096
    ));
#741 = CARTESIAN_POINT('',(-11.45768633528,15.384875921161,
    9.676363635641));
#742 = CARTESIAN_POINT('',(-0.926363509485,17.557786551489,
    9.647272725547));
#743 = CARTESIAN_POINT('',(7.694190036111,13.708612197244,9.618181820025
    ));
#744 = CARTESIAN_POINT('',(11.999999927901,6.854384036241,9.589090908192
    ));
#745 = CARTESIAN_POINT('',(12.000000023097,-4.16188565E-09,
    9.560000000274));
#746 = ORIENTED_EDGE('',*,*,#747,.T.);
#747 = EDGE_CURVE('',#731,#748,#750,.T.);
#748 = VERTEX_POINT('',#749);
#749 = CARTESIAN_POINT('',(2.315E-11,11.999999658553,9.760000059037));
#750 = LINE('',#751,#752);
#751 = CARTESIAN_POINT('',(0.,12.,8.532088886238));
#752 = VECTOR('',#753,1.);
#753 = DIRECTION('',(0.,0.,1.));
#754 = ORIENTED_EDGE('',*,*,#755,.F.);
#755 = EDGE_CURVE('',#250,#748,#756,.T.);
#756 = B_SPLINE_CURVE_WITH_KNOTS('',11,(#757,#758,#759,#760,#761,#762,
    #763,#764,#765,#766,#767,#768),.UNSPECIFIED.,.F.,.F.,(12,12),(0.,
    6.285222160302),.PIECEWISE_BEZIER_KNOTS.);
#757 = CARTESIAN_POINT('',(12.,-1.39E-15,9.999999999985));
#758 = CARTESIAN_POINT('',(12.000000101168,-6.854384055686,
    9.970909092107));
#759 = CARTESIAN_POINT('',(7.69418965106,-13.70861228501,9.941818180078)
  );
#760 = CARTESIAN_POINT('',(-0.926362819008,-17.55778639349,
    9.912727275874));
#761 = CARTESIAN_POINT('',(-11.45768725215,-15.38487624568,
    9.883636361431));
#762 = CARTESIAN_POINT('',(-19.31013091662,-6.344739683358,
    9.854545455011));
#763 = CARTESIAN_POINT('',(-19.31013150734,6.344739728057,9.825454548562
    ));
#764 = CARTESIAN_POINT('',(-11.45768687339,15.38487617191,9.796363631999
    ));
#765 = CARTESIAN_POINT('',(-0.926362951298,17.557786445292,
    9.767272731724));
#766 = CARTESIAN_POINT('',(7.694189679355,13.708612271432,9.738181815993
    ));
#767 = CARTESIAN_POINT('',(12.000000100725,6.854384048277,9.709090910262
    ));
#768 = CARTESIAN_POINT('',(12.000000000342,-4.8189106E-09,9.679999999993
    ));
#769 = ORIENTED_EDGE('',*,*,#258,.F.);
#770 = ORIENTED_EDGE('',*,*,#572,.F.);
#771 = ORIENTED_EDGE('',*,*,#613,.T.);
#772 = CYLINDRICAL_SURFACE('',#773,12.);
#773 = AXIS2_PLACEMENT_3D('',#774,#775,#776);
#774 = CARTESIAN_POINT('',(0.,0.,8.532088886238));
#775 = DIRECTION('',(0.,0.,1.));
#776 = DIRECTION('',(0.,1.,0.));
#777 = ADVANCED_FACE('',(#778),#806,.F.);
#778 = FACE_BOUND('',#779,.T.);
#779 = EDGE_LOOP('',(#780,#781,#788,#789,#798,#805));
#780 = ORIENTED_EDGE('',*,*,#529,.T.);
#781 = ORIENTED_EDGE('',*,*,#782,.T.);
#782 = EDGE_CURVE('',#530,#401,#783,.T.);
#783 = CIRCLE('',#784,12.);
#784 = AXIS2_PLACEMENT_3D('',#785,#786,#787);
#785 = CARTESIAN_POINT('',(0.,0.,3.));
#786 = DIRECTION('',(0.,0.,-1.));
#787 = DIRECTION('',(0.,1.,0.));
#788 = ORIENTED_EDGE('',*,*,#400,.T.);
#789 = ORIENTED_EDGE('',*,*,#790,.T.);
#790 = EDGE_CURVE('',#403,#791,#793,.T.);
#791 = VERTEX_POINT('',#792);
#792 = CARTESIAN_POINT('',(4.889102E-09,11.999999999877,2.000000000144)
  );
#793 = CIRCLE('',#794,0.5);
#794 = AXIS2_PLACEMENT_3D('',#795,#796,#797);
#795 = CARTESIAN_POINT('',(0.,12.,2.5));
#796 = DIRECTION('',(1.,0.,0.));
#797 = DIRECTION('',(0.,1.,0.));
#798 = ORIENTED_EDGE('',*,*,#799,.F.);
#799 = EDGE_CURVE('',#791,#791,#800,.T.);
#800 = CIRCLE('',#801,12.);
#801 = AXIS2_PLACEMENT_3D('',#802,#803,#804);
#802 = CARTESIAN_POINT('',(0.,0.,2.));
#803 = DIRECTION('',(0.,0.,-1.));
#804 = DIRECTION('',(0.,1.,0.));
#805 = ORIENTED_EDGE('',*,*,#790,.F.);
#806 = TOROIDAL_SURFACE('',#807,12.,0.5);
#807 = AXIS2_PLACEMENT_3D('',#808,#809,#810);
#808 = CARTESIAN_POINT('',(0.,0.,2.5));
#809 = DIRECTION('',(0.,0.,1.));
#810 = DIRECTION('',(0.,1.,0.));
#811 = ADVANCED_FACE('',(#812),#874,.F.);
#812 = FACE_BOUND('',#813,.F.);
#813 = EDGE_LOOP('',(#814,#815,#816,#817,#818,#826,#834,#842,#851,#859,
    #867,#873));
#814 = ORIENTED_EDGE('',*,*,#452,.F.);
#815 = ORIENTED_EDGE('',*,*,#470,.T.);
#816 = ORIENTED_EDGE('',*,*,#511,.F.);
#817 = ORIENTED_EDGE('',*,*,#538,.F.);
#818 = ORIENTED_EDGE('',*,*,#819,.F.);
#819 = EDGE_CURVE('',#820,#530,#822,.T.);
#820 = VERTEX_POINT('',#821);
#821 = CARTESIAN_POINT('',(4.582575694956,-10.,3.));
#822 = LINE('',#823,#824);
#823 = CARTESIAN_POINT('',(-7.5,-10.,3.));
#824 = VECTOR('',#825,1.);
#825 = DIRECTION('',(1.,0.,0.));
#826 = ORIENTED_EDGE('',*,*,#827,.T.);
#827 = EDGE_CURVE('',#820,#828,#830,.T.);
#828 = VERTEX_POINT('',#829);
#829 = CARTESIAN_POINT('',(4.582575694956,-10.,5.));
#830 = LINE('',#831,#832);
#831 = CARTESIAN_POINT('',(4.582575694956,-10.,0.));
#832 = VECTOR('',#833,1.);
#833 = DIRECTION('',(0.,0.,1.));
#834 = ORIENTED_EDGE('',*,*,#835,.F.);
#835 = EDGE_CURVE('',#836,#828,#838,.T.);
#836 = VERTEX_POINT('',#837);
#837 = CARTESIAN_POINT('',(3.201562118716,-10.,5.));
#838 = LINE('',#839,#840);
#839 = CARTESIAN_POINT('',(-9.81E-15,-10.,5.));
#840 = VECTOR('',#841,1.);
#841 = DIRECTION('',(1.,0.,0.));
#842 = ORIENTED_EDGE('',*,*,#843,.T.);
#843 = EDGE_CURVE('',#836,#844,#846,.T.);
#844 = VERTEX_POINT('',#845);
#845 = CARTESIAN_POINT('',(-3.201562118716,-10.,5.));
#846 = HYPERBOLA('',#847,11.917535925942,10.);
#847 = AXIS2_PLACEMENT_3D('',#848,#849,#850);
#848 = CARTESIAN_POINT('',(0.,-10.,17.513412722239));
#849 = DIRECTION('',(0.,1.,0.));
#850 = DIRECTION('',(0.,0.,-1.));
#851 = ORIENTED_EDGE('',*,*,#852,.F.);
#852 = EDGE_CURVE('',#853,#844,#855,.T.);
#853 = VERTEX_POINT('',#854);
#854 = CARTESIAN_POINT('',(-4.582575694956,-10.,5.));
#855 = LINE('',#856,#857);
#856 = CARTESIAN_POINT('',(-9.81E-15,-10.,5.));
#857 = VECTOR('',#858,1.);
#858 = DIRECTION('',(1.,0.,0.));
#859 = ORIENTED_EDGE('',*,*,#860,.F.);
#860 = EDGE_CURVE('',#861,#853,#863,.T.);
#861 = VERTEX_POINT('',#862);
#862 = CARTESIAN_POINT('',(-4.582575694956,-10.,3.));
#863 = LINE('',#864,#865);
#864 = CARTESIAN_POINT('',(-4.582575694956,-10.,0.));
#865 = VECTOR('',#866,1.);
#866 = DIRECTION('',(0.,0.,1.));
#867 = ORIENTED_EDGE('',*,*,#868,.F.);
#868 = EDGE_CURVE('',#401,#861,#869,.T.);
#869 = LINE('',#870,#871);
#870 = CARTESIAN_POINT('',(-7.5,-10.,3.));
#871 = VECTOR('',#872,1.);
#872 = DIRECTION('',(1.,0.,0.));
#873 = ORIENTED_EDGE('',*,*,#428,.F.);
#874 = PLANE('',#875);
#875 = AXIS2_PLACEMENT_3D('',#876,#877,#878);
#876 = CARTESIAN_POINT('',(-1.962E-14,-10.,5.));
#877 = DIRECTION('',(0.,1.,0.));
#878 = DIRECTION('',(0.,0.,1.));
#879 = ADVANCED_FACE('',(#880),#923,.T.);
#880 = FACE_BOUND('',#881,.T.);
#881 = EDGE_LOOP('',(#882,#883,#884,#901,#908));
#882 = ORIENTED_EDGE('',*,*,#730,.F.);
#883 = ORIENTED_EDGE('',*,*,#606,.T.);
#884 = ORIENTED_EDGE('',*,*,#885,.T.);
#885 = EDGE_CURVE('',#590,#886,#888,.T.);
#886 = VERTEX_POINT('',#887);
#887 = CARTESIAN_POINT('',(12.200000023097,-4.162196E-09,9.560000000274)
  );
#888 = B_SPLINE_CURVE_WITH_KNOTS('',11,(#889,#890,#891,#892,#893,#894,
    #895,#896,#897,#898,#899,#900),.UNSPECIFIED.,.F.,.F.,(12,12),(0.,
    6.285222160302),.PIECEWISE_BEZIER_KNOTS.);
#889 = CARTESIAN_POINT('',(12.200000000341,-4.82020232E-09,
    9.880000000005));
#890 = CARTESIAN_POINT('',(12.199999952575,-6.96862377991,9.850909090392
    ));
#891 = CARTESIAN_POINT('',(7.822426495325,-13.93708911079,9.821818183886
    ));
#892 = CARTESIAN_POINT('',(-0.941802910347,-17.85041621402,
    9.792727268039));
#893 = CARTESIAN_POINT('',(-11.64864783283,-15.64129068967,
    9.763636370911));
#894 = CARTESIAN_POINT('',(-19.63196695146,-6.450485473002,
    9.734545447082));
#895 = CARTESIAN_POINT('',(-19.63196704955,6.450485571006,9.705454550098
    ));
#896 = CARTESIAN_POINT('',(-11.64864777967,15.641290559208,
    9.676363635638));
#897 = CARTESIAN_POINT('',(-0.941802896649,17.85041630689,9.647272725549
    ));
#898 = CARTESIAN_POINT('',(7.822426533603,13.937089074094,9.618181820024
    ));
#899 = CARTESIAN_POINT('',(12.199999927901,6.968623769087,9.589090908192
    ));
#900 = CARTESIAN_POINT('',(12.200000023097,-4.16210615E-09,
    9.560000000274));
#901 = ORIENTED_EDGE('',*,*,#902,.F.);
#902 = EDGE_CURVE('',#903,#886,#905,.T.);
#903 = VERTEX_POINT('',#904);
#904 = CARTESIAN_POINT('',(12.000000023097,-4.161984E-09,9.560000000274)
  );
#905 = B_SPLINE_CURVE_WITH_KNOTS('',1,(#906,#907),.UNSPECIFIED.,.F.,.F.,
  (2,2),(-0.2,-0.),.PIECEWISE_BEZIER_KNOTS.);
#906 = CARTESIAN_POINT('',(12.000000023097,-4.16188828E-09,
    9.560000000274));
#907 = CARTESIAN_POINT('',(12.200000023097,-4.16210615E-09,
    9.560000000274));
#908 = ORIENTED_EDGE('',*,*,#909,.F.);
#909 = EDGE_CURVE('',#731,#903,#910,.T.);
#910 = B_SPLINE_CURVE_WITH_KNOTS('',11,(#911,#912,#913,#914,#915,#916,
    #917,#918,#919,#920,#921,#922),.UNSPECIFIED.,.F.,.F.,(12,12),(0.,
    6.285222160302),.PIECEWISE_BEZIER_KNOTS.);
#911 = CARTESIAN_POINT('',(12.000000000341,-4.82010986E-09,
    9.880000000005));
#912 = CARTESIAN_POINT('',(11.999999952575,-6.854384047064,
    9.850909090392));
#913 = CARTESIAN_POINT('',(7.694189997834,-13.70861223394,9.821818183887
    ));
#914 = CARTESIAN_POINT('',(-0.926363523194,-17.55778645862,
    9.792727268037));
#915 = CARTESIAN_POINT('',(-11.4576863884,-15.38487605161,9.763636370913
    ));
#916 = CARTESIAN_POINT('',(-19.31013142909,-6.344739860392,
    9.734545447081));
#917 = CARTESIAN_POINT('',(-19.31013152713,6.344739958392,9.705454550096
    ));
#918 = CARTESIAN_POINT('',(-11.45768633528,15.384875921161,
    9.676363635641));
#919 = CARTESIAN_POINT('',(-0.926363509485,17.557786551489,
    9.647272725547));
#920 = CARTESIAN_POINT('',(7.694190036111,13.708612197244,9.618181820025
    ));
#921 = CARTESIAN_POINT('',(11.999999927901,6.854384036241,9.589090908192
    ));
#922 = CARTESIAN_POINT('',(12.000000023097,-4.16188565E-09,
    9.560000000274));
#923 = B_SPLINE_SURFACE_WITH_KNOTS('',1,11,(
    (#924,#925,#926,#927,#928,#929,#930,#931,#932,#933,#934,#935)
    ,(#936,#937,#938,#939,#940,#941,#942,#943,#944,#945,#946,#947
  )),.UNSPECIFIED.,.F.,.F.,.F.,(2,2),(12,12),(-0.2,-0.),(0.,
    6.285222160302),.PIECEWISE_BEZIER_KNOTS.);
#924 = CARTESIAN_POINT('',(12.000000000341,-4.82011959E-09,
    9.880000000005));
#925 = CARTESIAN_POINT('',(11.999999952575,-6.854384047064,
    9.850909090392));
#926 = CARTESIAN_POINT('',(7.694189997834,-13.70861223394,9.821818183887
    ));
#927 = CARTESIAN_POINT('',(-0.926363523195,-17.55778645862,
    9.792727268037));
#928 = CARTESIAN_POINT('',(-11.4576863884,-15.38487605161,9.763636370913
    ));
#929 = CARTESIAN_POINT('',(-19.3101314291,-6.344739860394,9.734545447081
    ));
#930 = CARTESIAN_POINT('',(-19.31013152712,6.344739958394,9.705454550096
    ));
#931 = CARTESIAN_POINT('',(-11.45768633528,15.38487592116,9.676363635641
    ));
#932 = CARTESIAN_POINT('',(-0.926363509484,17.557786551489,
    9.647272725547));
#933 = CARTESIAN_POINT('',(7.694190036111,13.708612197244,9.618181820025
    ));
#934 = CARTESIAN_POINT('',(11.999999927901,6.854384036241,9.589090908192
    ));
#935 = CARTESIAN_POINT('',(12.000000023097,-4.16188828E-09,
    9.560000000274));
#936 = CARTESIAN_POINT('',(12.200000000341,-4.82020232E-09,
    9.880000000005));
#937 = CARTESIAN_POINT('',(12.199999952575,-6.96862377991,9.850909090392
    ));
#938 = CARTESIAN_POINT('',(7.822426495325,-13.93708911079,9.821818183886
    ));
#939 = CARTESIAN_POINT('',(-0.941802910347,-17.85041621402,
    9.792727268039));
#940 = CARTESIAN_POINT('',(-11.64864783283,-15.64129068967,
    9.763636370911));
#941 = CARTESIAN_POINT('',(-19.63196695146,-6.450485473002,
    9.734545447082));
#942 = CARTESIAN_POINT('',(-19.63196704955,6.450485571006,9.705454550098
    ));
#943 = CARTESIAN_POINT('',(-11.64864777967,15.641290559208,
    9.676363635638));
#944 = CARTESIAN_POINT('',(-0.941802896649,17.85041630689,9.647272725549
    ));
#945 = CARTESIAN_POINT('',(7.822426533603,13.937089074094,9.618181820024
    ));
#946 = CARTESIAN_POINT('',(12.199999927901,6.968623769087,9.589090908192
    ));
#947 = CARTESIAN_POINT('',(12.200000023097,-4.16210615E-09,
    9.560000000274));
#948 = ADVANCED_FACE('',(#949),#975,.T.);
#949 = FACE_BOUND('',#950,.T.);
#950 = EDGE_LOOP('',(#951,#952,#953,#970));
#951 = ORIENTED_EDGE('',*,*,#885,.F.);
#952 = ORIENTED_EDGE('',*,*,#682,.T.);
#953 = ORIENTED_EDGE('',*,*,#954,.T.);
#954 = EDGE_CURVE('',#666,#955,#957,.T.);
#955 = VERTEX_POINT('',#956);
#956 = CARTESIAN_POINT('',(12.200000023097,-4.162186E-09,9.360000000263)
  );
#957 = B_SPLINE_CURVE_WITH_KNOTS('',11,(#958,#959,#960,#961,#962,#963,
    #964,#965,#966,#967,#968,#969),.UNSPECIFIED.,.F.,.F.,(12,12),(0.,
    6.285222160302),.PIECEWISE_BEZIER_KNOTS.);
#958 = CARTESIAN_POINT('',(12.200000000341,-4.82019057E-09,
    9.679999999993));
#959 = CARTESIAN_POINT('',(12.199999952575,-6.96862377991,9.65090909038)
  );
#960 = CARTESIAN_POINT('',(7.822426495324,-13.93708911079,9.621818183873
    ));
#961 = CARTESIAN_POINT('',(-0.941802910347,-17.85041621403,
    9.592727268029));
#962 = CARTESIAN_POINT('',(-11.64864783283,-15.64129068965,
    9.563636370895));
#963 = CARTESIAN_POINT('',(-19.63196695147,-6.450485473033,
    9.534545447075));
#964 = CARTESIAN_POINT('',(-19.63196704954,6.450485571035,9.505454550081
    ));
#965 = CARTESIAN_POINT('',(-11.64864777968,15.64129055919,9.47636363563)
  );
#966 = CARTESIAN_POINT('',(-0.941802896644,17.850416306896,
    9.447272725535));
#967 = CARTESIAN_POINT('',(7.822426533602,13.937089074094,9.418181820013
    ));
#968 = CARTESIAN_POINT('',(12.199999927902,6.968623769087,9.38909090818)
  );
#969 = CARTESIAN_POINT('',(12.200000023097,-4.16210861E-09,
    9.360000000263));
#970 = ORIENTED_EDGE('',*,*,#971,.F.);
#971 = EDGE_CURVE('',#886,#955,#972,.T.);
#972 = B_SPLINE_CURVE_WITH_KNOTS('',1,(#973,#974),.UNSPECIFIED.,.F.,.F.,
  (2,2),(-0.2,-0.),.PIECEWISE_BEZIER_KNOTS.);
#973 = CARTESIAN_POINT('',(12.200000023097,-4.16210615E-09,
    9.560000000274));
#974 = CARTESIAN_POINT('',(12.200000023097,-4.16208943E-09,
    9.360000000263));
#975 = B_SPLINE_SURFACE_WITH_KNOTS('',1,11,(
    (#976,#977,#978,#979,#980,#981,#982,#983,#984,#985,#986,#987)
    ,(#988,#989,#990,#991,#992,#993,#994,#995,#996,#997,#998,#999
  )),.UNSPECIFIED.,.F.,.F.,.F.,(2,2),(12,12),(-0.2,-0.),(0.,
    6.285222160302),.PIECEWISE_BEZIER_KNOTS.);
#976 = CARTESIAN_POINT('',(12.200000000341,-4.82020232E-09,
    9.880000000005));
#977 = CARTESIAN_POINT('',(12.199999952575,-6.96862377991,9.850909090392
    ));
#978 = CARTESIAN_POINT('',(7.822426495325,-13.93708911079,9.821818183886
    ));
#979 = CARTESIAN_POINT('',(-0.941802910347,-17.85041621402,
    9.792727268039));
#980 = CARTESIAN_POINT('',(-11.64864783283,-15.64129068967,
    9.763636370911));
#981 = CARTESIAN_POINT('',(-19.63196695146,-6.450485473002,
    9.734545447082));
#982 = CARTESIAN_POINT('',(-19.63196704955,6.450485571006,9.705454550098
    ));
#983 = CARTESIAN_POINT('',(-11.64864777967,15.641290559208,
    9.676363635638));
#984 = CARTESIAN_POINT('',(-0.941802896649,17.85041630689,9.647272725549
    ));
#985 = CARTESIAN_POINT('',(7.822426533603,13.937089074094,9.618181820024
    ));
#986 = CARTESIAN_POINT('',(12.199999927901,6.968623769087,9.589090908192
    ));
#987 = CARTESIAN_POINT('',(12.200000023097,-4.16210615E-09,
    9.560000000274));
#988 = CARTESIAN_POINT('',(12.200000000341,-4.82019981E-09,
    9.679999999993));
#989 = CARTESIAN_POINT('',(12.199999952575,-6.96862377991,9.65090909038)
  );
#990 = CARTESIAN_POINT('',(7.822426495325,-13.93708911079,9.621818183873
    ));
#991 = CARTESIAN_POINT('',(-0.941802910349,-17.85041621403,
    9.592727268029));
#992 = CARTESIAN_POINT('',(-11.64864783282,-15.64129068964,
    9.563636370895));
#993 = CARTESIAN_POINT('',(-19.63196695147,-6.450485473036,
    9.534545447075));
#994 = CARTESIAN_POINT('',(-19.63196704954,6.450485571038,9.505454550081
    ));
#995 = CARTESIAN_POINT('',(-11.64864777968,15.641290559187,9.47636363563
    ));
#996 = CARTESIAN_POINT('',(-0.941802896643,17.850416306898,
    9.447272725535));
#997 = CARTESIAN_POINT('',(7.822426533601,13.937089074093,9.418181820013
    ));
#998 = CARTESIAN_POINT('',(12.199999927902,6.968623769087,9.38909090818)
  );
#999 = CARTESIAN_POINT('',(12.200000023097,-4.16208943E-09,
    9.360000000263));
#1000 = ADVANCED_FACE('',(#1001),#1028,.T.);
#1001 = FACE_BOUND('',#1002,.T.);
#1002 = EDGE_LOOP('',(#1003,#1004,#1005,#1006,#1023));
#1003 = ORIENTED_EDGE('',*,*,#665,.F.);
#1004 = ORIENTED_EDGE('',*,*,#716,.T.);
#1005 = ORIENTED_EDGE('',*,*,#755,.T.);
#1006 = ORIENTED_EDGE('',*,*,#1007,.T.);
#1007 = EDGE_CURVE('',#748,#1008,#1010,.T.);
#1008 = VERTEX_POINT('',#1009);
#1009 = CARTESIAN_POINT('',(12.000000000341,-4.819794E-09,9.679999999993
    ));
#1010 = B_SPLINE_CURVE_WITH_KNOTS('',11,(#1011,#1012,#1013,#1014,#1015,
    #1016,#1017,#1018,#1019,#1020,#1021,#1022),.UNSPECIFIED.,.F.,.F.,(12
    ,12),(0.,6.285222160302),.PIECEWISE_BEZIER_KNOTS.);
#1011 = CARTESIAN_POINT('',(12.,-1.39E-15,9.999999999985));
#1012 = CARTESIAN_POINT('',(12.000000101168,-6.854384055686,
    9.970909092107));
#1013 = CARTESIAN_POINT('',(7.69418965106,-13.70861228501,9.941818180078
    ));
#1014 = CARTESIAN_POINT('',(-0.926362819008,-17.55778639349,
    9.912727275874));
#1015 = CARTESIAN_POINT('',(-11.45768725215,-15.38487624568,
    9.883636361431));
#1016 = CARTESIAN_POINT('',(-19.31013091662,-6.344739683358,
    9.854545455011));
#1017 = CARTESIAN_POINT('',(-19.31013150734,6.344739728057,
    9.825454548562));
#1018 = CARTESIAN_POINT('',(-11.45768687339,15.38487617191,
    9.796363631999));
#1019 = CARTESIAN_POINT('',(-0.926362951298,17.557786445292,
    9.767272731724));
#1020 = CARTESIAN_POINT('',(7.694189679355,13.708612271432,
    9.738181815993));
#1021 = CARTESIAN_POINT('',(12.000000100725,6.854384048277,
    9.709090910262));
#1022 = CARTESIAN_POINT('',(12.000000000342,-4.8189106E-09,
    9.679999999993));
#1023 = ORIENTED_EDGE('',*,*,#1024,.F.);
#1024 = EDGE_CURVE('',#666,#1008,#1025,.T.);
#1025 = B_SPLINE_CURVE_WITH_KNOTS('',1,(#1026,#1027),.UNSPECIFIED.,.F.,
  .F.,(2,2),(-0.2,-0.),.PIECEWISE_BEZIER_KNOTS.);
#1026 = CARTESIAN_POINT('',(12.200000000342,-4.81900342E-09,
    9.679999999993));
#1027 = CARTESIAN_POINT('',(12.000000000342,-4.8189106E-09,
    9.679999999993));
#1028 = B_SPLINE_SURFACE_WITH_KNOTS('',1,11,(
    (#1029,#1030,#1031,#1032,#1033,#1034,#1035,#1036,#1037,#1038,#1039
      ,#1040)
    ,(#1041,#1042,#1043,#1044,#1045,#1046,#1047,#1048,#1049,#1050,#1051
      ,#1052
    )),.UNSPECIFIED.,.F.,.F.,.F.,(2,2),(12,12),(-0.2,-0.),(0.,
    6.285222160302),.PIECEWISE_BEZIER_KNOTS.);
#1029 = CARTESIAN_POINT('',(12.2,-8.81E-15,9.999999999985));
#1030 = CARTESIAN_POINT('',(12.200000101168,-6.968623788533,
    9.970909092107));
#1031 = CARTESIAN_POINT('',(7.822426148551,-13.93708916186,
    9.941818180079));
#1032 = CARTESIAN_POINT('',(-0.941802206163,-17.85041614888,
    9.912727275872));
#1033 = CARTESIAN_POINT('',(-11.64864869658,-15.64129088374,
    9.883636361433));
#1034 = CARTESIAN_POINT('',(-19.63196643899,-6.450485295939,
    9.85454545501));
#1035 = CARTESIAN_POINT('',(-19.63196702975,6.45048534063,9.825454548561
    ));
#1036 = CARTESIAN_POINT('',(-11.64864831779,15.641290809991,
    9.796363632002));
#1037 = CARTESIAN_POINT('',(-0.941802338459,17.850416200676,
    9.767272731722));
#1038 = CARTESIAN_POINT('',(7.822426176846,13.937089148286,
    9.738181815994));
#1039 = CARTESIAN_POINT('',(12.200000100725,6.968623781123,
    9.709090910262));
#1040 = CARTESIAN_POINT('',(12.200000000342,-4.81900342E-09,
    9.679999999993));
#1041 = CARTESIAN_POINT('',(12.,-1.39E-15,9.999999999985));
#1042 = CARTESIAN_POINT('',(12.000000101168,-6.854384055686,
    9.970909092107));
#1043 = CARTESIAN_POINT('',(7.69418965106,-13.70861228501,9.941818180078
    ));
#1044 = CARTESIAN_POINT('',(-0.926362819008,-17.55778639349,
    9.912727275874));
#1045 = CARTESIAN_POINT('',(-11.45768725215,-15.38487624568,
    9.883636361431));
#1046 = CARTESIAN_POINT('',(-19.31013091662,-6.344739683358,
    9.854545455011));
#1047 = CARTESIAN_POINT('',(-19.31013150734,6.344739728057,
    9.825454548562));
#1048 = CARTESIAN_POINT('',(-11.45768687339,15.38487617191,
    9.796363631999));
#1049 = CARTESIAN_POINT('',(-0.926362951298,17.557786445292,
    9.767272731724));
#1050 = CARTESIAN_POINT('',(7.694189679355,13.708612271432,
    9.738181815993));
#1051 = CARTESIAN_POINT('',(12.000000100725,6.854384048277,
    9.709090910262));
#1052 = CARTESIAN_POINT('',(12.000000000342,-4.8189106E-09,
    9.679999999993));
#1053 = ADVANCED_FACE('',(#1054),#1099,.F.);
#1054 = FACE_BOUND('',#1055,.T.);
#1055 = EDGE_LOOP('',(#1056,#1073,#1081,#1096,#1097,#1098));
#1056 = ORIENTED_EDGE('',*,*,#1057,.T.);
#1057 = EDGE_CURVE('',#903,#1058,#1060,.T.);
#1058 = VERTEX_POINT('',#1059);
#1059 = CARTESIAN_POINT('',(3.59E-13,11.999999670089,9.320000059326));
#1060 = B_SPLINE_CURVE_WITH_KNOTS('',11,(#1061,#1062,#1063,#1064,#1065,
    #1066,#1067,#1068,#1069,#1070,#1071,#1072),.UNSPECIFIED.,.F.,.F.,(12
    ,12),(0.,6.285222160302),.PIECEWISE_BEZIER_KNOTS.);
#1061 = CARTESIAN_POINT('',(12.000000023096,-4.16183683E-09,
    9.560000000274));
#1062 = CARTESIAN_POINT('',(12.000000072462,-6.854384069895,
    9.530909091808));
#1063 = CARTESIAN_POINT('',(7.694189916415,-13.70861233857,
    9.501818183451));
#1064 = CARTESIAN_POINT('',(-0.926363512591,-17.55778633143,
    9.472727267535));
#1065 = CARTESIAN_POINT('',(-11.45768610194,-15.38487650805,
    9.443636377201));
#1066 = CARTESIAN_POINT('',(-19.31013233171,-6.344739310112,
    9.414545436476));
#1067 = CARTESIAN_POINT('',(-19.31013041885,6.344739339618,
    9.385454564165));
#1068 = CARTESIAN_POINT('',(-11.45768751582,15.384876504971,
    9.356363624391));
#1069 = CARTESIAN_POINT('',(-0.926362730602,17.557786338152,
    9.327272734351));
#1070 = CARTESIAN_POINT('',(7.694189661518,13.708612331787,9.298181816)
  );
#1071 = CARTESIAN_POINT('',(12.000000126168,6.854384053513,
    9.269090910553));
#1072 = CARTESIAN_POINT('',(12.000000023361,-8.58747484E-09,
    9.240000000282));
#1073 = ORIENTED_EDGE('',*,*,#1074,.T.);
#1074 = EDGE_CURVE('',#1058,#1075,#1077,.T.);
#1075 = VERTEX_POINT('',#1076);
#1076 = CARTESIAN_POINT('',(-6.845E-12,11.999999647658,9.440000058772));
#1077 = LINE('',#1078,#1079);
#1078 = CARTESIAN_POINT('',(0.,12.,8.532088886238));
#1079 = VECTOR('',#1080,1.);
#1080 = DIRECTION('',(0.,0.,1.));
#1081 = ORIENTED_EDGE('',*,*,#1082,.F.);
#1082 = EDGE_CURVE('',#1008,#1075,#1083,.T.);
#1083 = B_SPLINE_CURVE_WITH_KNOTS('',11,(#1084,#1085,#1086,#1087,#1088,
    #1089,#1090,#1091,#1092,#1093,#1094,#1095),.UNSPECIFIED.,.F.,.F.,(12
    ,12),(0.,6.285222160302),.PIECEWISE_BEZIER_KNOTS.);
#1084 = CARTESIAN_POINT('',(12.000000000341,-4.82011779E-09,
    9.679999999993));
#1085 = CARTESIAN_POINT('',(11.999999952575,-6.854384047064,
    9.65090909038));
#1086 = CARTESIAN_POINT('',(7.694189997832,-13.70861223394,
    9.621818183874));
#1087 = CARTESIAN_POINT('',(-0.926363523186,-17.55778645863,
    9.592727268028));
#1088 = CARTESIAN_POINT('',(-11.45768638842,-15.38487605159,
    9.563636370897));
#1089 = CARTESIAN_POINT('',(-19.31013142906,-6.344739860422,
    9.534545447076));
#1090 = CARTESIAN_POINT('',(-19.31013152716,6.344739958419,
    9.505454550079));
#1091 = CARTESIAN_POINT('',(-11.45768633526,15.384875921145,
    9.476363635633));
#1092 = CARTESIAN_POINT('',(-0.926363509489,17.557786551495,
    9.447272725533));
#1093 = CARTESIAN_POINT('',(7.694190036111,13.708612197243,
    9.418181820014));
#1094 = CARTESIAN_POINT('',(11.999999927901,6.854384036241,9.38909090818
    ));
#1095 = CARTESIAN_POINT('',(12.000000023097,-4.16187937E-09,
    9.360000000263));
#1096 = ORIENTED_EDGE('',*,*,#1007,.F.);
#1097 = ORIENTED_EDGE('',*,*,#747,.F.);
#1098 = ORIENTED_EDGE('',*,*,#909,.T.);
#1099 = CYLINDRICAL_SURFACE('',#1100,12.);
#1100 = AXIS2_PLACEMENT_3D('',#1101,#1102,#1103);
#1101 = CARTESIAN_POINT('',(0.,0.,8.532088886238));
#1102 = DIRECTION('',(0.,0.,1.));
#1103 = DIRECTION('',(0.,1.,0.));
#1104 = ADVANCED_FACE('',(#1105),#1117,.F.);
#1105 = FACE_BOUND('',#1106,.F.);
#1106 = EDGE_LOOP('',(#1107,#1108,#1109,#1116));
#1107 = ORIENTED_EDGE('',*,*,#782,.T.);
#1108 = ORIENTED_EDGE('',*,*,#868,.T.);
#1109 = ORIENTED_EDGE('',*,*,#1110,.T.);
#1110 = EDGE_CURVE('',#861,#820,#1111,.T.);
#1111 = CIRCLE('',#1112,11.);
#1112 = AXIS2_PLACEMENT_3D('',#1113,#1114,#1115);
#1113 = CARTESIAN_POINT('',(0.,0.,3.));
#1114 = DIRECTION('',(0.,-0.,1.));
#1115 = DIRECTION('',(0.,1.,0.));
#1116 = ORIENTED_EDGE('',*,*,#819,.T.);
#1117 = PLANE('',#1118);
#1118 = AXIS2_PLACEMENT_3D('',#1119,#1120,#1121);
#1119 = CARTESIAN_POINT('',(-7.5,-17.,3.));
#1120 = DIRECTION('',(0.,-2.2E-16,-1.));
#1121 = DIRECTION('',(1.,0.,0.));
#1122 = ADVANCED_FACE('',(#1123),#1369,.T.);
#1123 = FACE_BOUND('',#1124,.F.);
#1124 = EDGE_LOOP('',(#1125,#1144,#1161,#1178,#1195,#1212,#1229,#1241,
    #1247,#1248,#1260,#1277,#1294,#1311,#1328,#1345,#1362));
#1125 = ORIENTED_EDGE('',*,*,#1126,.T.);
#1126 = EDGE_CURVE('',#1127,#1129,#1131,.T.);
#1127 = VERTEX_POINT('',#1128);
#1128 = CARTESIAN_POINT('',(-8.485291118626,-8.485278220271,-1.30481E-10
    ));
#1129 = VERTEX_POINT('',#1130);
#1130 = CARTESIAN_POINT('',(11.999999999997,-1.057024E-09,0.120000000003
    ));
#1131 = B_SPLINE_CURVE_WITH_KNOTS('',11,(#1132,#1133,#1134,#1135,#1136,
    #1137,#1138,#1139,#1140,#1141,#1142,#1143),.UNSPECIFIED.,.F.,.F.,(12
    ,12),(0.,6.285222160302),.PIECEWISE_BEZIER_KNOTS.);
#1132 = CARTESIAN_POINT('',(12.,-9.06E-15,-0.2));
#1133 = CARTESIAN_POINT('',(12.000000000452,6.854384034168,
    -0.170909090911));
#1134 = CARTESIAN_POINT('',(7.694189851297,13.708612256508,
    -0.141818181829));
#1135 = CARTESIAN_POINT('',(-0.92636323254,17.557786366604,
    -0.112727272688));
#1136 = CARTESIAN_POINT('',(-11.45768665604,15.384876255798,
    -8.363636373285E-02));
#1137 = CARTESIAN_POINT('',(-19.310131348,6.344739554394,
    -5.45454543938E-02));
#1138 = CARTESIAN_POINT('',(-19.3101313475,-6.344739563621,
    -2.545454563637E-02));
#1139 = CARTESIAN_POINT('',(-11.45768665891,-15.38487622867,
    3.636363796909E-03));
#1140 = CARTESIAN_POINT('',(-0.926363234472,-17.55778638905,
    3.272727261574E-02));
#1141 = CARTESIAN_POINT('',(7.69418984943,-13.70861224581,
    6.181818187203E-02));
#1142 = CARTESIAN_POINT('',(11.999999999573,-6.854384039298,
    9.090909088878E-02));
#1143 = CARTESIAN_POINT('',(11.999999999997,-1.05702538E-09,
    0.120000000003));
#1144 = ORIENTED_EDGE('',*,*,#1145,.T.);
#1145 = EDGE_CURVE('',#1129,#1146,#1148,.T.);
#1146 = VERTEX_POINT('',#1147);
#1147 = CARTESIAN_POINT('',(11.999999999974,-2.316009E-09,0.44000000003)
  );
#1148 = B_SPLINE_CURVE_WITH_KNOTS('',11,(#1149,#1150,#1151,#1152,#1153,
    #1154,#1155,#1156,#1157,#1158,#1159,#1160),.UNSPECIFIED.,.F.,.F.,(12
    ,12),(0.,6.285222160302),.PIECEWISE_BEZIER_KNOTS.);
#1149 = CARTESIAN_POINT('',(11.999999999997,-1.05692399E-09,
    0.120000000003));
#1150 = CARTESIAN_POINT('',(12.000000001143,6.854384025964,
    0.149090909262));
#1151 = CARTESIAN_POINT('',(7.694189853417,13.708612282884,0.17818181757
    ));
#1152 = CARTESIAN_POINT('',(-0.9263632314,17.557786304108,0.207272728929
    ));
#1153 = CARTESIAN_POINT('',(-11.4576866526,15.384876349695,
    0.236363633451));
#1154 = CARTESIAN_POINT('',(-19.31013134917,6.344739465687,
    0.265454549243));
#1155 = CARTESIAN_POINT('',(-19.31013134609,-6.344739504321,
    0.294545451024));
#1156 = CARTESIAN_POINT('',(-11.4576866625,-15.38487624391,
    0.323636366098));
#1157 = CARTESIAN_POINT('',(-0.926363235668,-17.5577863936,
    0.352727271526));
#1158 = CARTESIAN_POINT('',(7.69418984743,-13.70861224014,0.381818182263
    ));
#1159 = CARTESIAN_POINT('',(11.999999998784,-6.854384043182,
    0.410909090833));
#1160 = CARTESIAN_POINT('',(11.999999999974,-2.31572734E-09,
    0.44000000003));
#1161 = ORIENTED_EDGE('',*,*,#1162,.T.);
#1162 = EDGE_CURVE('',#1146,#1163,#1165,.T.);
#1163 = VERTEX_POINT('',#1164);
#1164 = CARTESIAN_POINT('',(11.999999999935,-3.909507E-09,0.760000000076
    ));
#1165 = B_SPLINE_CURVE_WITH_KNOTS('',11,(#1166,#1167,#1168,#1169,#1170,
    #1171,#1172,#1173,#1174,#1175,#1176,#1177),.UNSPECIFIED.,.F.,.F.,(12
    ,12),(0.,6.285222160302),.PIECEWISE_BEZIER_KNOTS.);
#1166 = CARTESIAN_POINT('',(11.999999999975,-2.31614362E-09,
    0.44000000003));
#1167 = CARTESIAN_POINT('',(12.000000001336,6.854384033018,
    0.469090909569));
#1168 = CARTESIAN_POINT('',(7.694189855099,13.708612253722,
    0.498181816709));
#1169 = CARTESIAN_POINT('',(-0.926363232101,17.557786357087,
    0.527272731023));
#1170 = CARTESIAN_POINT('',(-11.45768664853,15.384876301815,
    0.556363630546));
#1171 = CARTESIAN_POINT('',(-19.31013135197,6.344739462481,
    0.585454552142));
#1172 = CARTESIAN_POINT('',(-19.31013134409,-6.344739428099,
    0.614545449424));
#1173 = CARTESIAN_POINT('',(-11.45768666435,-15.38487635072,
    0.64363636652));
#1174 = CARTESIAN_POINT('',(-0.926363236865,-17.55778630838,
    0.672727271827));
#1175 = CARTESIAN_POINT('',(7.694189846662,-13.70861228142,
    0.701818182077));
#1176 = CARTESIAN_POINT('',(11.999999998209,-6.85438403311,
    0.730909090978));
#1177 = CARTESIAN_POINT('',(11.999999999935,-3.90928575E-09,
    0.760000000076));
#1178 = ORIENTED_EDGE('',*,*,#1179,.T.);
#1179 = EDGE_CURVE('',#1163,#1180,#1182,.T.);
#1180 = VERTEX_POINT('',#1181);
#1181 = CARTESIAN_POINT('',(11.999999999915,-5.554571E-09,1.0800000001)
  );
#1182 = B_SPLINE_CURVE_WITH_KNOTS('',11,(#1183,#1184,#1185,#1186,#1187,
    #1188,#1189,#1190,#1191,#1192,#1193,#1194),.UNSPECIFIED.,.F.,.F.,(12
    ,12),(0.,6.285222160302),.PIECEWISE_BEZIER_KNOTS.);
#1183 = CARTESIAN_POINT('',(11.999999999935,-3.9095146E-09,
    0.760000000076));
#1184 = CARTESIAN_POINT('',(12.000000002228,6.854384027856,
    0.789090909713));
#1185 = CARTESIAN_POINT('',(7.694189857274,13.708612266193,
    0.818181816533));
#1186 = CARTESIAN_POINT('',(-0.926363229535,17.557786326363,
    0.847272731219));
#1187 = CARTESIAN_POINT('',(-11.45768664696,15.384876347353,
    0.876363631303));
#1188 = CARTESIAN_POINT('',(-19.31013134891,6.344739425465,
    0.905454549888));
#1189 = CARTESIAN_POINT('',(-19.31013134797,-6.344739405338,
    0.934545453165));
#1190 = CARTESIAN_POINT('',(-11.45768666361,-15.3848763488,0.96363636287
    ));
#1191 = CARTESIAN_POINT('',(-0.92636324147,-17.55778631607,
    0.992727274366));
#1192 = CARTESIAN_POINT('',(7.694189845517,-13.70861227689,
    1.021818181036));
#1193 = CARTESIAN_POINT('',(11.999999996902,-6.854384036613,
    1.050909091323));
#1194 = CARTESIAN_POINT('',(11.999999999914,-5.5544624E-09,1.0800000001)
  );
#1195 = ORIENTED_EDGE('',*,*,#1196,.T.);
#1196 = EDGE_CURVE('',#1180,#1197,#1199,.T.);
#1197 = VERTEX_POINT('',#1198);
#1198 = CARTESIAN_POINT('',(11.999999999832,-6.440047E-09,1.400000000198
    ));
#1199 = B_SPLINE_CURVE_WITH_KNOTS('',11,(#1200,#1201,#1202,#1203,#1204,
    #1205,#1206,#1207,#1208,#1209,#1210,#1211),.UNSPECIFIED.,.F.,.F.,(12
    ,12),(0.,6.285222160302),.PIECEWISE_BEZIER_KNOTS.);
#1200 = CARTESIAN_POINT('',(11.999999999915,-5.55470177E-09,1.0800000001
    ));
#1201 = CARTESIAN_POINT('',(12.000000002656,6.854384029872,
    1.109090910148));
#1202 = CARTESIAN_POINT('',(7.694189860139,13.708612247752,
    1.138181815094));
#1203 = CARTESIAN_POINT('',(-0.926363230926,17.557786379526,
    1.167272735219));
#1204 = CARTESIAN_POINT('',(-11.45768663892,15.384876239051,
    1.196363624238));
#1205 = CARTESIAN_POINT('',(-19.31013135599,6.344739589055,
    1.225454559323));
#1206 = CARTESIAN_POINT('',(-19.31013134125,-6.344739576912,
    1.254545444176));
#1207 = CARTESIAN_POINT('',(-11.4576866705,-15.38487620981,1.28363636939
    ));
#1208 = CARTESIAN_POINT('',(-0.926363240815,-17.55778639419,1.3127272711
    ));
#1209 = CARTESIAN_POINT('',(7.694189842886,-13.70861224735,
    1.341818182303));
#1210 = CARTESIAN_POINT('',(11.999999996275,-6.854384044989,
    1.370909091118));
#1211 = CARTESIAN_POINT('',(11.999999999832,-6.44016465E-09,
    1.400000000198));
#1212 = ORIENTED_EDGE('',*,*,#1213,.T.);
#1213 = EDGE_CURVE('',#1197,#1214,#1216,.T.);
#1214 = VERTEX_POINT('',#1215);
#1215 = CARTESIAN_POINT('',(11.999999999758,-7.492308E-09,1.720000000284
    ));
#1216 = B_SPLINE_CURVE_WITH_KNOTS('',11,(#1217,#1218,#1219,#1220,#1221,
    #1222,#1223,#1224,#1225,#1226,#1227,#1228),.UNSPECIFIED.,.F.,.F.,(12
    ,12),(0.,6.285222160302),.PIECEWISE_BEZIER_KNOTS.);
#1217 = CARTESIAN_POINT('',(11.999999999832,-6.43994986E-09,
    1.400000000198));
#1218 = CARTESIAN_POINT('',(12.000000003143,6.854384027518,
    1.429090910245));
#1219 = CARTESIAN_POINT('',(7.694189861229,13.708612252445,1.4581818152)
  );
#1220 = CARTESIAN_POINT('',(-0.926363229404,17.557786366127,1.4872727352
    ));
#1221 = CARTESIAN_POINT('',(-11.4576866379,15.384876261905,
    1.516363624711));
#1222 = CARTESIAN_POINT('',(-19.31013135444,6.34473956548,1.545454558681
    ));
#1223 = CARTESIAN_POINT('',(-19.31013134301,-6.344739555343,
    1.574545445237));
#1224 = CARTESIAN_POINT('',(-11.45768667044,-15.38487621956,
    1.603636368589));
#1225 = CARTESIAN_POINT('',(-0.926363243008,-17.55778639011,
    1.632727271781));
#1226 = CARTESIAN_POINT('',(7.694189841973,-13.7086122488,1.661818182139
    ));
#1227 = CARTESIAN_POINT('',(11.999999995564,-6.854384045767,
    1.690909091283));
#1228 = CARTESIAN_POINT('',(11.999999999758,-7.4929374E-09,
    1.720000000284));
#1229 = ORIENTED_EDGE('',*,*,#1230,.T.);
#1230 = EDGE_CURVE('',#1214,#1231,#1233,.T.);
#1231 = VERTEX_POINT('',#1232);
#1232 = CARTESIAN_POINT('',(7.333652E-09,11.999999999816,1.800000000216)
  );
#1233 = B_SPLINE_CURVE_WITH_KNOTS('',6,(#1234,#1235,#1236,#1237,#1238,
    #1239,#1240),.UNSPECIFIED.,.F.,.F.,(7,7),(0.,1.571305540076),
  .PIECEWISE_BEZIER_KNOTS.);
#1234 = CARTESIAN_POINT('',(11.999999999758,-7.49226636E-09,
    1.720000000284));
#1235 = CARTESIAN_POINT('',(12.000000001911,3.141592591738,
    1.733333333293));
#1236 = CARTESIAN_POINT('',(11.013267812022,6.282918117514,
    1.746666667292));
#1237 = CARTESIAN_POINT('',(9.038281690294,9.038281685341,1.7600000002)
  );
#1238 = CARTESIAN_POINT('',(6.282918138064,11.013267802969,
    1.773333333269));
#1239 = CARTESIAN_POINT('',(3.141592602011,11.999999997697,
    1.786666667166));
#1240 = CARTESIAN_POINT('',(7.33365159E-09,11.999999999816,
    1.800000000216));
#1241 = ORIENTED_EDGE('',*,*,#1242,.T.);
#1242 = EDGE_CURVE('',#1231,#791,#1243,.T.);
#1243 = LINE('',#1244,#1245);
#1244 = CARTESIAN_POINT('',(0.,12.,0.));
#1245 = VECTOR('',#1246,1.);
#1246 = DIRECTION('',(0.,0.,1.));
#1247 = ORIENTED_EDGE('',*,*,#799,.F.);
#1248 = ORIENTED_EDGE('',*,*,#1249,.F.);
#1249 = EDGE_CURVE('',#1250,#791,#1252,.T.);
#1250 = VERTEX_POINT('',#1251);
#1251 = CARTESIAN_POINT('',(11.999999999758,-7.492306E-09,1.920000000284
    ));
#1252 = B_SPLINE_CURVE_WITH_KNOTS('',6,(#1253,#1254,#1255,#1256,#1257,
    #1258,#1259),.UNSPECIFIED.,.F.,.F.,(7,7),(0.,1.571305540076),
  .PIECEWISE_BEZIER_KNOTS.);
#1253 = CARTESIAN_POINT('',(11.999999999758,-7.49226103E-09,
    1.920000000284));
#1254 = CARTESIAN_POINT('',(12.000000001911,3.141592591738,
    1.933333333293));
#1255 = CARTESIAN_POINT('',(11.013267812022,6.282918117514,
    1.946666667292));
#1256 = CARTESIAN_POINT('',(9.038281690295,9.038281685342,1.960000000201
    ));
#1257 = CARTESIAN_POINT('',(6.282918138064,11.013267802969,
    1.973333333269));
#1258 = CARTESIAN_POINT('',(3.141592602011,11.999999997697,
    1.986666667166));
#1259 = CARTESIAN_POINT('',(7.33365337E-09,11.999999999816,
    2.000000000216));
#1260 = ORIENTED_EDGE('',*,*,#1261,.F.);
#1261 = EDGE_CURVE('',#1262,#1250,#1264,.T.);
#1262 = VERTEX_POINT('',#1263);
#1263 = CARTESIAN_POINT('',(11.999999999832,-6.440045E-09,1.600000000198
    ));
#1264 = B_SPLINE_CURVE_WITH_KNOTS('',11,(#1265,#1266,#1267,#1268,#1269,
    #1270,#1271,#1272,#1273,#1274,#1275,#1276),.UNSPECIFIED.,.F.,.F.,(12
    ,12),(0.,6.285222160302),.PIECEWISE_BEZIER_KNOTS.);
#1265 = CARTESIAN_POINT('',(11.999999999832,-6.4399467E-09,
    1.600000000198));
#1266 = CARTESIAN_POINT('',(12.000000003143,6.854384027518,
    1.629090910245));
#1267 = CARTESIAN_POINT('',(7.69418986123,13.708612252447,1.6581818152)
  );
#1268 = CARTESIAN_POINT('',(-0.926363229407,17.557786366121,1.6872727352
    ));
#1269 = CARTESIAN_POINT('',(-11.45768663789,15.384876261918,
    1.716363624711));
#1270 = CARTESIAN_POINT('',(-19.31013135446,6.344739565462,
    1.745454558681));
#1271 = CARTESIAN_POINT('',(-19.310131343,-6.344739555324,1.774545445237
    ));
#1272 = CARTESIAN_POINT('',(-11.45768667045,-15.38487621958,
    1.803636368589));
#1273 = CARTESIAN_POINT('',(-0.926363243004,-17.5577863901,
    1.832727271781));
#1274 = CARTESIAN_POINT('',(7.694189841971,-13.7086122488,1.861818182139
    ));
#1275 = CARTESIAN_POINT('',(11.999999995565,-6.854384045767,
    1.890909091283));
#1276 = CARTESIAN_POINT('',(11.999999999758,-7.49292714E-09,
    1.920000000284));
#1277 = ORIENTED_EDGE('',*,*,#1278,.F.);
#1278 = EDGE_CURVE('',#1279,#1262,#1281,.T.);
#1279 = VERTEX_POINT('',#1280);
#1280 = CARTESIAN_POINT('',(11.999999999915,-5.55457E-09,1.2800000001));
#1281 = B_SPLINE_CURVE_WITH_KNOTS('',11,(#1282,#1283,#1284,#1285,#1286,
    #1287,#1288,#1289,#1290,#1291,#1292,#1293),.UNSPECIFIED.,.F.,.F.,(12
    ,12),(0.,6.285222160302),.PIECEWISE_BEZIER_KNOTS.);
#1282 = CARTESIAN_POINT('',(11.999999999915,-5.55469721E-09,1.2800000001
    ));
#1283 = CARTESIAN_POINT('',(12.000000002656,6.854384029872,
    1.309090910148));
#1284 = CARTESIAN_POINT('',(7.694189860138,13.708612247752,
    1.338181815094));
#1285 = CARTESIAN_POINT('',(-0.926363230923,17.557786379522,
    1.367272735219));
#1286 = CARTESIAN_POINT('',(-11.45768663893,15.384876239063,
    1.396363624237));
#1287 = CARTESIAN_POINT('',(-19.31013135598,6.344739589036,
    1.425454559324));
#1288 = CARTESIAN_POINT('',(-19.31013134126,-6.344739576893,
    1.454545444175));
#1289 = CARTESIAN_POINT('',(-11.4576866705,-15.38487620982,
    1.483636369391));
#1290 = CARTESIAN_POINT('',(-0.926363240816,-17.55778639419,
    1.512727271099));
#1291 = CARTESIAN_POINT('',(7.694189842887,-13.70861224735,
    1.541818182303));
#1292 = CARTESIAN_POINT('',(11.999999996275,-6.854384044989,
    1.570909091118));
#1293 = CARTESIAN_POINT('',(11.999999999832,-6.44016009E-09,
    1.600000000198));
#1294 = ORIENTED_EDGE('',*,*,#1295,.F.);
#1295 = EDGE_CURVE('',#1296,#1279,#1298,.T.);
#1296 = VERTEX_POINT('',#1297);
#1297 = CARTESIAN_POINT('',(11.999999999935,-3.909507E-09,0.960000000076
    ));
#1298 = B_SPLINE_CURVE_WITH_KNOTS('',11,(#1299,#1300,#1301,#1302,#1303,
    #1304,#1305,#1306,#1307,#1308,#1309,#1310),.UNSPECIFIED.,.F.,.F.,(12
    ,12),(0.,6.285222160302),.PIECEWISE_BEZIER_KNOTS.);
#1299 = CARTESIAN_POINT('',(11.999999999935,-3.90951895E-09,
    0.960000000076));
#1300 = CARTESIAN_POINT('',(12.000000002229,6.854384027855,
    0.989090909713));
#1301 = CARTESIAN_POINT('',(7.69418985727,13.708612266195,1.018181816533
    ));
#1302 = CARTESIAN_POINT('',(-0.926363229521,17.557786326358,
    1.047272731219));
#1303 = CARTESIAN_POINT('',(-11.45768664699,15.384876347356,
    1.076363631302));
#1304 = CARTESIAN_POINT('',(-19.31013134887,6.344739425469,
    1.105454549888));
#1305 = CARTESIAN_POINT('',(-19.310131348,-6.344739405349,1.134545453164
    ));
#1306 = CARTESIAN_POINT('',(-11.45768666359,-15.38487634879,
    1.163636362871));
#1307 = CARTESIAN_POINT('',(-0.926363241482,-17.55778631607,
    1.192727274366));
#1308 = CARTESIAN_POINT('',(7.694189845521,-13.70861227689,
    1.221818181036));
#1309 = CARTESIAN_POINT('',(11.999999996901,-6.854384036613,
    1.250909091323));
#1310 = CARTESIAN_POINT('',(11.999999999915,-5.55445965E-09,1.2800000001
    ));
#1311 = ORIENTED_EDGE('',*,*,#1312,.F.);
#1312 = EDGE_CURVE('',#1313,#1296,#1315,.T.);
#1313 = VERTEX_POINT('',#1314);
#1314 = CARTESIAN_POINT('',(11.999999999974,-2.316009E-09,0.64000000003)
  );
#1315 = B_SPLINE_CURVE_WITH_KNOTS('',11,(#1316,#1317,#1318,#1319,#1320,
    #1321,#1322,#1323,#1324,#1325,#1326,#1327),.UNSPECIFIED.,.F.,.F.,(12
    ,12),(0.,6.285222160302),.PIECEWISE_BEZIER_KNOTS.);
#1316 = CARTESIAN_POINT('',(11.999999999975,-2.31612741E-09,
    0.64000000003));
#1317 = CARTESIAN_POINT('',(12.000000001336,6.854384033018,
    0.669090909569));
#1318 = CARTESIAN_POINT('',(7.694189855095,13.708612253723,
    0.698181816709));
#1319 = CARTESIAN_POINT('',(-0.926363232086,17.557786357083,
    0.727272731023));
#1320 = CARTESIAN_POINT('',(-11.45768664856,15.38487630182,
    0.756363630546));
#1321 = CARTESIAN_POINT('',(-19.31013135193,6.344739462479,
    0.785454552143));
#1322 = CARTESIAN_POINT('',(-19.31013134413,-6.344739428101,
    0.814545449424));
#1323 = CARTESIAN_POINT('',(-11.45768666432,-15.38487635072,
    0.843636366521));
#1324 = CARTESIAN_POINT('',(-0.926363236874,-17.55778630838,
    0.872727271826));
#1325 = CARTESIAN_POINT('',(7.694189846664,-13.70861228142,
    0.901818182077));
#1326 = CARTESIAN_POINT('',(11.999999998208,-6.85438403311,
    0.930909090978));
#1327 = CARTESIAN_POINT('',(11.999999999935,-3.90929085E-09,
    0.960000000076));
#1328 = ORIENTED_EDGE('',*,*,#1329,.F.);
#1329 = EDGE_CURVE('',#1330,#1313,#1332,.T.);
#1330 = VERTEX_POINT('',#1331);
#1331 = CARTESIAN_POINT('',(11.999999999997,-1.057025E-09,0.320000000003
    ));
#1332 = B_SPLINE_CURVE_WITH_KNOTS('',11,(#1333,#1334,#1335,#1336,#1337,
    #1338,#1339,#1340,#1341,#1342,#1343,#1344),.UNSPECIFIED.,.F.,.F.,(12
    ,12),(0.,6.285222160302),.PIECEWISE_BEZIER_KNOTS.);
#1333 = CARTESIAN_POINT('',(11.999999999997,-1.05692231E-09,
    0.320000000003));
#1334 = CARTESIAN_POINT('',(12.000000001143,6.854384025964,
    0.349090909262));
#1335 = CARTESIAN_POINT('',(7.694189853417,13.708612282883,0.37818181757
    ));
#1336 = CARTESIAN_POINT('',(-0.926363231399,17.557786304111,
    0.407272728929));
#1337 = CARTESIAN_POINT('',(-11.4576866526,15.384876349689,
    0.436363633451));
#1338 = CARTESIAN_POINT('',(-19.31013134917,6.344739465698,
    0.465454549243));
#1339 = CARTESIAN_POINT('',(-19.31013134609,-6.344739504335,
    0.494545451024));
#1340 = CARTESIAN_POINT('',(-11.45768666251,-15.3848762439,
    0.523636366098));
#1341 = CARTESIAN_POINT('',(-0.926363235665,-17.55778639361,
    0.552727271526));
#1342 = CARTESIAN_POINT('',(7.694189847429,-13.70861224014,
    0.581818182263));
#1343 = CARTESIAN_POINT('',(11.999999998784,-6.854384043182,
    0.610909090833));
#1344 = CARTESIAN_POINT('',(11.999999999974,-2.31572566E-09,
    0.64000000003));
#1345 = ORIENTED_EDGE('',*,*,#1346,.F.);
#1346 = EDGE_CURVE('',#1347,#1330,#1349,.T.);
#1347 = VERTEX_POINT('',#1348);
#1348 = CARTESIAN_POINT('',(12.,1.2E-14,0.));
#1349 = B_SPLINE_CURVE_WITH_KNOTS('',11,(#1350,#1351,#1352,#1353,#1354,
    #1355,#1356,#1357,#1358,#1359,#1360,#1361),.UNSPECIFIED.,.F.,.F.,(12
    ,12),(0.,6.285222160302),.PIECEWISE_BEZIER_KNOTS.);
#1350 = CARTESIAN_POINT('',(12.,1.189E-14,-3.E-17));
#1351 = CARTESIAN_POINT('',(12.000000000452,6.854384034168,
    2.909090908928E-02));
#1352 = CARTESIAN_POINT('',(7.694189851297,13.708612256507,
    5.81818181706E-02));
#1353 = CARTESIAN_POINT('',(-0.926363232541,17.557786366609,
    8.727272731227E-02));
#1354 = CARTESIAN_POINT('',(-11.45768665604,15.384876255787,
    0.116363636267));
#1355 = CARTESIAN_POINT('',(-19.310131348,6.344739554402,0.145454545606)
  );
#1356 = CARTESIAN_POINT('',(-19.3101313475,-6.344739563621,
    0.174545454364));
#1357 = CARTESIAN_POINT('',(-11.4576866589,-15.38487622868,
    0.203636363797));
#1358 = CARTESIAN_POINT('',(-0.926363234475,-17.55778638904,
    0.232727272616));
#1359 = CARTESIAN_POINT('',(7.694189849432,-13.70861224581,
    0.261818181872));
#1360 = CARTESIAN_POINT('',(11.999999999573,-6.854384039298,
    0.290909090889));
#1361 = CARTESIAN_POINT('',(11.999999999997,-1.05703996E-09,
    0.320000000003));
#1362 = ORIENTED_EDGE('',*,*,#1363,.T.);
#1363 = EDGE_CURVE('',#1347,#1127,#1364,.T.);
#1364 = CIRCLE('',#1365,12.);
#1365 = AXIS2_PLACEMENT_3D('',#1366,#1367,#1368);
#1366 = CARTESIAN_POINT('',(0.,0.,0.));
#1367 = DIRECTION('',(0.,0.,-1.));
#1368 = DIRECTION('',(0.,1.,0.));
#1369 = CYLINDRICAL_SURFACE('',#1370,12.);
#1370 = AXIS2_PLACEMENT_3D('',#1371,#1372,#1373);
#1371 = CARTESIAN_POINT('',(0.,0.,0.));
#1372 = DIRECTION('',(0.,0.,1.));
#1373 = DIRECTION('',(0.,1.,0.));
#1374 = ADVANCED_FACE('',(#1375),#1412,.F.);
#1375 = FACE_BOUND('',#1376,.T.);
#1376 = EDGE_LOOP('',(#1377,#1387,#1394,#1395,#1402,#1403,#1404,#1405));
#1377 = ORIENTED_EDGE('',*,*,#1378,.F.);
#1378 = EDGE_CURVE('',#1379,#1381,#1383,.T.);
#1379 = VERTEX_POINT('',#1380);
#1380 = CARTESIAN_POINT('',(0.,11.,0.));
#1381 = VERTEX_POINT('',#1382);
#1382 = CARTESIAN_POINT('',(0.,11.,5.));
#1383 = LINE('',#1384,#1385);
#1384 = CARTESIAN_POINT('',(0.,11.,0.));
#1385 = VECTOR('',#1386,1.);
#1386 = DIRECTION('',(0.,0.,1.));
#1387 = ORIENTED_EDGE('',*,*,#1388,.T.);
#1388 = EDGE_CURVE('',#1379,#1379,#1389,.T.);
#1389 = CIRCLE('',#1390,11.);
#1390 = AXIS2_PLACEMENT_3D('',#1391,#1392,#1393);
#1391 = CARTESIAN_POINT('',(0.,0.,0.));
#1392 = DIRECTION('',(0.,0.,-1.));
#1393 = DIRECTION('',(0.,1.,0.));
#1394 = ORIENTED_EDGE('',*,*,#1378,.T.);
#1395 = ORIENTED_EDGE('',*,*,#1396,.F.);
#1396 = EDGE_CURVE('',#853,#1381,#1397,.T.);
#1397 = CIRCLE('',#1398,11.);
#1398 = AXIS2_PLACEMENT_3D('',#1399,#1400,#1401);
#1399 = CARTESIAN_POINT('',(0.,0.,5.));
#1400 = DIRECTION('',(0.,0.,-1.));
#1401 = DIRECTION('',(0.,1.,0.));
#1402 = ORIENTED_EDGE('',*,*,#860,.F.);
#1403 = ORIENTED_EDGE('',*,*,#1110,.T.);
#1404 = ORIENTED_EDGE('',*,*,#827,.T.);
#1405 = ORIENTED_EDGE('',*,*,#1406,.F.);
#1406 = EDGE_CURVE('',#1381,#828,#1407,.T.);
#1407 = CIRCLE('',#1408,11.);
#1408 = AXIS2_PLACEMENT_3D('',#1409,#1410,#1411);
#1409 = CARTESIAN_POINT('',(0.,0.,5.));
#1410 = DIRECTION('',(0.,0.,-1.));
#1411 = DIRECTION('',(0.,1.,0.));
#1412 = CYLINDRICAL_SURFACE('',#1413,11.);
#1413 = AXIS2_PLACEMENT_3D('',#1414,#1415,#1416);
#1414 = CARTESIAN_POINT('',(0.,0.,0.));
#1415 = DIRECTION('',(0.,0.,1.));
#1416 = DIRECTION('',(0.,1.,0.));
#1417 = ADVANCED_FACE('',(#1418),#1440,.T.);
#1418 = FACE_BOUND('',#1419,.T.);
#1419 = EDGE_LOOP('',(#1420,#1421,#1422,#1423,#1432,#1439));
#1420 = ORIENTED_EDGE('',*,*,#1396,.T.);
#1421 = ORIENTED_EDGE('',*,*,#1406,.T.);
#1422 = ORIENTED_EDGE('',*,*,#835,.F.);
#1423 = ORIENTED_EDGE('',*,*,#1424,.F.);
#1424 = EDGE_CURVE('',#1425,#836,#1427,.T.);
#1425 = VERTEX_POINT('',#1426);
#1426 = CARTESIAN_POINT('',(0.,10.5,5.));
#1427 = CIRCLE('',#1428,10.5);
#1428 = AXIS2_PLACEMENT_3D('',#1429,#1430,#1431);
#1429 = CARTESIAN_POINT('',(0.,0.,5.));
#1430 = DIRECTION('',(0.,0.,-1.));
#1431 = DIRECTION('',(0.,1.,0.));
#1432 = ORIENTED_EDGE('',*,*,#1433,.F.);
#1433 = EDGE_CURVE('',#844,#1425,#1434,.T.);
#1434 = CIRCLE('',#1435,10.5);
#1435 = AXIS2_PLACEMENT_3D('',#1436,#1437,#1438);
#1436 = CARTESIAN_POINT('',(0.,0.,5.));
#1437 = DIRECTION('',(0.,0.,-1.));
#1438 = DIRECTION('',(0.,1.,0.));
#1439 = ORIENTED_EDGE('',*,*,#852,.F.);
#1440 = PLANE('',#1441);
#1441 = AXIS2_PLACEMENT_3D('',#1442,#1443,#1444);
#1442 = CARTESIAN_POINT('',(0.,0.,5.));
#1443 = DIRECTION('',(-0.,-0.,-1.));
#1444 = DIRECTION('',(0.,1.,0.));
#1445 = ADVANCED_FACE('',(#1446),#1467,.F.);
#1446 = FACE_BOUND('',#1447,.T.);
#1447 = EDGE_LOOP('',(#1448,#1456,#1457,#1458,#1459,#1460));
#1448 = ORIENTED_EDGE('',*,*,#1449,.F.);
#1449 = EDGE_CURVE('',#1425,#1450,#1452,.T.);
#1450 = VERTEX_POINT('',#1451);
#1451 = CARTESIAN_POINT('',(0.,9.214424780627,6.532088886238));
#1452 = LINE('',#1453,#1454);
#1453 = CARTESIAN_POINT('',(0.,10.5,5.));
#1454 = VECTOR('',#1455,1.);
#1455 = DIRECTION('',(0.,-0.642787609687,0.766044443119));
#1456 = ORIENTED_EDGE('',*,*,#1424,.T.);
#1457 = ORIENTED_EDGE('',*,*,#843,.T.);
#1458 = ORIENTED_EDGE('',*,*,#1433,.T.);
#1459 = ORIENTED_EDGE('',*,*,#1449,.T.);
#1460 = ORIENTED_EDGE('',*,*,#1461,.F.);
#1461 = EDGE_CURVE('',#1450,#1450,#1462,.T.);
#1462 = CIRCLE('',#1463,9.214424780627);
#1463 = AXIS2_PLACEMENT_3D('',#1464,#1465,#1466);
#1464 = CARTESIAN_POINT('',(0.,0.,6.532088886238));
#1465 = DIRECTION('',(0.,0.,-1.));
#1466 = DIRECTION('',(0.,1.,0.));
#1467 = CONICAL_SURFACE('',#1468,10.5,0.698131700798);
#1468 = AXIS2_PLACEMENT_3D('',#1469,#1470,#1471);
#1469 = CARTESIAN_POINT('',(0.,0.,5.));
#1470 = DIRECTION('',(-0.,-0.,-1.));
#1471 = DIRECTION('',(0.,1.,0.));
#1472 = ADVANCED_FACE('',(#1473),#1516,.T.);
#1473 = FACE_BOUND('',#1474,.T.);
#1474 = EDGE_LOOP('',(#1475,#1476,#1477,#1494,#1501));
#1475 = ORIENTED_EDGE('',*,*,#1057,.F.);
#1476 = ORIENTED_EDGE('',*,*,#902,.T.);
#1477 = ORIENTED_EDGE('',*,*,#1478,.T.);
#1478 = EDGE_CURVE('',#886,#1479,#1481,.T.);
#1479 = VERTEX_POINT('',#1480);
#1480 = CARTESIAN_POINT('',(12.20000002336,-8.588161E-09,9.240000000282)
  );
#1481 = B_SPLINE_CURVE_WITH_KNOTS('',11,(#1482,#1483,#1484,#1485,#1486,
    #1487,#1488,#1489,#1490,#1491,#1492,#1493),.UNSPECIFIED.,.F.,.F.,(12
    ,12),(0.,6.285222160302),.PIECEWISE_BEZIER_KNOTS.);
#1482 = CARTESIAN_POINT('',(12.200000023096,-4.16205933E-09,
    9.560000000274));
#1483 = CARTESIAN_POINT('',(12.200000072462,-6.968623802742,
    9.530909091809));
#1484 = CARTESIAN_POINT('',(7.822426413907,-13.93708921542,9.50181818345
    ));
#1485 = CARTESIAN_POINT('',(-0.941802899761,-17.85041608683,
    9.472727267538));
#1486 = CARTESIAN_POINT('',(-11.64864754632,-15.64129114612,
    9.443636377195));
#1487 = CARTESIAN_POINT('',(-19.63196785415,-6.450484922695,
    9.414545436485));
#1488 = CARTESIAN_POINT('',(-19.63196594118,6.450484952204,
    9.385454564155));
#1489 = CARTESIAN_POINT('',(-11.64864896027,15.641291143035,9.3563636244
    ));
#1490 = CARTESIAN_POINT('',(-0.941802117742,17.850416093547,
    9.327272734346));
#1491 = CARTESIAN_POINT('',(7.822426159006,13.937089208637,
    9.298181816002));
#1492 = CARTESIAN_POINT('',(12.200000126169,6.96862378636,9.269090910552
    ));
#1493 = CARTESIAN_POINT('',(12.200000023361,-8.58783959E-09,
    9.240000000282));
#1494 = ORIENTED_EDGE('',*,*,#1495,.F.);
#1495 = EDGE_CURVE('',#1496,#1479,#1498,.T.);
#1496 = VERTEX_POINT('',#1497);
#1497 = CARTESIAN_POINT('',(12.00000002336,-8.587782E-09,9.240000000282)
  );
#1498 = B_SPLINE_CURVE_WITH_KNOTS('',1,(#1499,#1500),.UNSPECIFIED.,.F.,
  .F.,(2,2),(-0.2,-0.),.PIECEWISE_BEZIER_KNOTS.);
#1499 = CARTESIAN_POINT('',(12.000000023361,-8.58747484E-09,
    9.240000000282));
#1500 = CARTESIAN_POINT('',(12.200000023361,-8.58783959E-09,
    9.240000000282));
#1501 = ORIENTED_EDGE('',*,*,#1502,.F.);
#1502 = EDGE_CURVE('',#1058,#1496,#1503,.T.);
#1503 = B_SPLINE_CURVE_WITH_KNOTS('',11,(#1504,#1505,#1506,#1507,#1508,
    #1509,#1510,#1511,#1512,#1513,#1514,#1515),.UNSPECIFIED.,.F.,.F.,(12
    ,12),(0.,6.285222160302),.PIECEWISE_BEZIER_KNOTS.);
#1504 = CARTESIAN_POINT('',(12.000000023096,-4.16183683E-09,
    9.560000000274));
#1505 = CARTESIAN_POINT('',(12.000000072462,-6.854384069895,
    9.530909091808));
#1506 = CARTESIAN_POINT('',(7.694189916415,-13.70861233857,
    9.501818183451));
#1507 = CARTESIAN_POINT('',(-0.926363512591,-17.55778633143,
    9.472727267535));
#1508 = CARTESIAN_POINT('',(-11.45768610194,-15.38487650805,
    9.443636377201));
#1509 = CARTESIAN_POINT('',(-19.31013233171,-6.344739310112,
    9.414545436476));
#1510 = CARTESIAN_POINT('',(-19.31013041885,6.344739339618,
    9.385454564165));
#1511 = CARTESIAN_POINT('',(-11.45768751582,15.384876504971,
    9.356363624391));
#1512 = CARTESIAN_POINT('',(-0.926362730602,17.557786338152,
    9.327272734351));
#1513 = CARTESIAN_POINT('',(7.694189661518,13.708612331787,9.298181816)
  );
#1514 = CARTESIAN_POINT('',(12.000000126168,6.854384053513,
    9.269090910553));
#1515 = CARTESIAN_POINT('',(12.000000023361,-8.58747484E-09,
    9.240000000282));
#1516 = B_SPLINE_SURFACE_WITH_KNOTS('',1,11,(
    (#1517,#1518,#1519,#1520,#1521,#1522,#1523,#1524,#1525,#1526,#1527
      ,#1528)
    ,(#1529,#1530,#1531,#1532,#1533,#1534,#1535,#1536,#1537,#1538,#1539
      ,#1540
    )),.UNSPECIFIED.,.F.,.F.,.F.,(2,2),(12,12),(-0.2,-0.),(0.,
    6.285222160302),.PIECEWISE_BEZIER_KNOTS.);
#1517 = CARTESIAN_POINT('',(12.000000023096,-4.16183683E-09,
    9.560000000274));
#1518 = CARTESIAN_POINT('',(12.000000072462,-6.854384069895,
    9.530909091808));
#1519 = CARTESIAN_POINT('',(7.694189916413,-13.70861233857,
    9.501818183451));
#1520 = CARTESIAN_POINT('',(-0.926363512587,-17.55778633143,
    9.472727267535));
#1521 = CARTESIAN_POINT('',(-11.45768610195,-15.38487650805,
    9.443636377201));
#1522 = CARTESIAN_POINT('',(-19.3101323317,-6.344739310112,
    9.414545436476));
#1523 = CARTESIAN_POINT('',(-19.31013041886,6.344739339618,
    9.385454564165));
#1524 = CARTESIAN_POINT('',(-11.45768751581,15.384876504971,
    9.356363624391));
#1525 = CARTESIAN_POINT('',(-0.926362730606,17.557786338152,
    9.327272734351));
#1526 = CARTESIAN_POINT('',(7.69418966152,13.708612331787,9.298181816));
#1527 = CARTESIAN_POINT('',(12.000000126168,6.854384053513,
    9.269090910553));
#1528 = CARTESIAN_POINT('',(12.000000023361,-8.58747484E-09,
    9.240000000282));
#1529 = CARTESIAN_POINT('',(12.200000023096,-4.16205933E-09,
    9.560000000274));
#1530 = CARTESIAN_POINT('',(12.200000072462,-6.968623802742,
    9.530909091809));
#1531 = CARTESIAN_POINT('',(7.822426413907,-13.93708921542,9.50181818345
    ));
#1532 = CARTESIAN_POINT('',(-0.941802899761,-17.85041608683,
    9.472727267538));
#1533 = CARTESIAN_POINT('',(-11.64864754632,-15.64129114612,
    9.443636377195));
#1534 = CARTESIAN_POINT('',(-19.63196785415,-6.450484922695,
    9.414545436485));
#1535 = CARTESIAN_POINT('',(-19.63196594118,6.450484952204,
    9.385454564155));
#1536 = CARTESIAN_POINT('',(-11.64864896027,15.641291143035,9.3563636244
    ));
#1537 = CARTESIAN_POINT('',(-0.941802117742,17.850416093547,
    9.327272734346));
#1538 = CARTESIAN_POINT('',(7.822426159006,13.937089208637,
    9.298181816002));
#1539 = CARTESIAN_POINT('',(12.200000126169,6.96862378636,9.269090910552
    ));
#1540 = CARTESIAN_POINT('',(12.200000023361,-8.58783959E-09,
    9.240000000282));
#1541 = ADVANCED_FACE('',(#1542),#1569,.T.);
#1542 = FACE_BOUND('',#1543,.T.);
#1543 = EDGE_LOOP('',(#1544,#1545,#1546,#1547,#1564));
#1544 = ORIENTED_EDGE('',*,*,#954,.F.);
#1545 = ORIENTED_EDGE('',*,*,#1024,.T.);
#1546 = ORIENTED_EDGE('',*,*,#1082,.T.);
#1547 = ORIENTED_EDGE('',*,*,#1548,.T.);
#1548 = EDGE_CURVE('',#1075,#1549,#1551,.T.);
#1549 = VERTEX_POINT('',#1550);
#1550 = CARTESIAN_POINT('',(12.000000023097,-4.161974E-09,9.360000000263
    ));
#1551 = B_SPLINE_CURVE_WITH_KNOTS('',11,(#1552,#1553,#1554,#1555,#1556,
    #1557,#1558,#1559,#1560,#1561,#1562,#1563),.UNSPECIFIED.,.F.,.F.,(12
    ,12),(0.,6.285222160302),.PIECEWISE_BEZIER_KNOTS.);
#1552 = CARTESIAN_POINT('',(12.000000000341,-4.82011779E-09,
    9.679999999993));
#1553 = CARTESIAN_POINT('',(11.999999952575,-6.854384047064,
    9.65090909038));
#1554 = CARTESIAN_POINT('',(7.694189997832,-13.70861223394,
    9.621818183874));
#1555 = CARTESIAN_POINT('',(-0.926363523186,-17.55778645863,
    9.592727268028));
#1556 = CARTESIAN_POINT('',(-11.45768638842,-15.38487605159,
    9.563636370897));
#1557 = CARTESIAN_POINT('',(-19.31013142906,-6.344739860422,
    9.534545447076));
#1558 = CARTESIAN_POINT('',(-19.31013152716,6.344739958419,
    9.505454550079));
#1559 = CARTESIAN_POINT('',(-11.45768633526,15.384875921145,
    9.476363635633));
#1560 = CARTESIAN_POINT('',(-0.926363509489,17.557786551495,
    9.447272725533));
#1561 = CARTESIAN_POINT('',(7.694190036111,13.708612197243,
    9.418181820014));
#1562 = CARTESIAN_POINT('',(11.999999927901,6.854384036241,9.38909090818
    ));
#1563 = CARTESIAN_POINT('',(12.000000023097,-4.16187937E-09,
    9.360000000263));
#1564 = ORIENTED_EDGE('',*,*,#1565,.F.);
#1565 = EDGE_CURVE('',#955,#1549,#1566,.T.);
#1566 = B_SPLINE_CURVE_WITH_KNOTS('',1,(#1567,#1568),.UNSPECIFIED.,.F.,
  .F.,(2,2),(-0.2,-0.),.PIECEWISE_BEZIER_KNOTS.);
#1567 = CARTESIAN_POINT('',(12.200000023097,-4.16210861E-09,
    9.360000000263));
#1568 = CARTESIAN_POINT('',(12.000000023097,-4.16187937E-09,
    9.360000000263));
#1569 = B_SPLINE_SURFACE_WITH_KNOTS('',1,11,(
    (#1570,#1571,#1572,#1573,#1574,#1575,#1576,#1577,#1578,#1579,#1580
      ,#1581)
    ,(#1582,#1583,#1584,#1585,#1586,#1587,#1588,#1589,#1590,#1591,#1592
      ,#1593
    )),.UNSPECIFIED.,.F.,.F.,.F.,(2,2),(12,12),(-0.2,-0.),(0.,
    6.285222160302),.PIECEWISE_BEZIER_KNOTS.);
#1570 = CARTESIAN_POINT('',(12.200000000341,-4.82019057E-09,
    9.679999999993));
#1571 = CARTESIAN_POINT('',(12.199999952575,-6.96862377991,9.65090909038
    ));
#1572 = CARTESIAN_POINT('',(7.822426495324,-13.93708911079,
    9.621818183873));
#1573 = CARTESIAN_POINT('',(-0.941802910347,-17.85041621403,
    9.592727268029));
#1574 = CARTESIAN_POINT('',(-11.64864783283,-15.64129068965,
    9.563636370895));
#1575 = CARTESIAN_POINT('',(-19.63196695147,-6.450485473033,
    9.534545447075));
#1576 = CARTESIAN_POINT('',(-19.63196704954,6.450485571035,
    9.505454550081));
#1577 = CARTESIAN_POINT('',(-11.64864777968,15.64129055919,9.47636363563
    ));
#1578 = CARTESIAN_POINT('',(-0.941802896644,17.850416306896,
    9.447272725535));
#1579 = CARTESIAN_POINT('',(7.822426533602,13.937089074094,
    9.418181820013));
#1580 = CARTESIAN_POINT('',(12.199999927902,6.968623769087,9.38909090818
    ));
#1581 = CARTESIAN_POINT('',(12.200000023097,-4.16210861E-09,
    9.360000000263));
#1582 = CARTESIAN_POINT('',(12.000000000341,-4.82011779E-09,
    9.679999999993));
#1583 = CARTESIAN_POINT('',(11.999999952575,-6.854384047064,
    9.65090909038));
#1584 = CARTESIAN_POINT('',(7.694189997832,-13.70861223394,
    9.621818183874));
#1585 = CARTESIAN_POINT('',(-0.926363523186,-17.55778645863,
    9.592727268028));
#1586 = CARTESIAN_POINT('',(-11.45768638842,-15.38487605159,
    9.563636370897));
#1587 = CARTESIAN_POINT('',(-19.31013142906,-6.344739860422,
    9.534545447076));
#1588 = CARTESIAN_POINT('',(-19.31013152716,6.344739958419,
    9.505454550079));
#1589 = CARTESIAN_POINT('',(-11.45768633526,15.384875921145,
    9.476363635633));
#1590 = CARTESIAN_POINT('',(-0.926363509489,17.557786551495,
    9.447272725533));
#1591 = CARTESIAN_POINT('',(7.694190036111,13.708612197243,
    9.418181820014));
#1592 = CARTESIAN_POINT('',(11.999999927901,6.854384036241,9.38909090818
    ));
#1593 = CARTESIAN_POINT('',(12.000000023097,-4.16187937E-09,
    9.360000000263));
#1594 = ADVANCED_FACE('',(#1595),#1621,.T.);
#1595 = FACE_BOUND('',#1596,.T.);
#1596 = EDGE_LOOP('',(#1597,#1598,#1599,#1616));
#1597 = ORIENTED_EDGE('',*,*,#1478,.F.);
#1598 = ORIENTED_EDGE('',*,*,#971,.T.);
#1599 = ORIENTED_EDGE('',*,*,#1600,.T.);
#1600 = EDGE_CURVE('',#955,#1601,#1603,.T.);
#1601 = VERTEX_POINT('',#1602);
#1602 = CARTESIAN_POINT('',(12.20000002336,-8.58814E-09,9.04000000027));
#1603 = B_SPLINE_CURVE_WITH_KNOTS('',11,(#1604,#1605,#1606,#1607,#1608,
    #1609,#1610,#1611,#1612,#1613,#1614,#1615),.UNSPECIFIED.,.F.,.F.,(12
    ,12),(0.,6.285222160302),.PIECEWISE_BEZIER_KNOTS.);
#1604 = CARTESIAN_POINT('',(12.200000023096,-4.16206014E-09,
    9.360000000263));
#1605 = CARTESIAN_POINT('',(12.200000072461,-6.968623802742,
    9.330909091797));
#1606 = CARTESIAN_POINT('',(7.82242641391,-13.93708921542,9.301818183437
    ));
#1607 = CARTESIAN_POINT('',(-0.941802899771,-17.85041608683,
    9.272727267528));
#1608 = CARTESIAN_POINT('',(-11.6486475463,-15.64129114612,9.24363637718
    ));
#1609 = CARTESIAN_POINT('',(-19.63196785418,-6.450484922674,
    9.214545436479));
#1610 = CARTESIAN_POINT('',(-19.63196594116,6.450484952176,
    9.185454564137));
#1611 = CARTESIAN_POINT('',(-11.64864896028,15.641291143056,
    9.156363624393));
#1612 = CARTESIAN_POINT('',(-0.94180211774,17.850416093538,
    9.127272734331));
#1613 = CARTESIAN_POINT('',(7.822426159006,13.937089208638,
    9.098181815992));
#1614 = CARTESIAN_POINT('',(12.200000126168,6.96862378636,9.06909091054)
  );
#1615 = CARTESIAN_POINT('',(12.200000023361,-8.58781909E-09,
    9.04000000027));
#1616 = ORIENTED_EDGE('',*,*,#1617,.F.);
#1617 = EDGE_CURVE('',#1479,#1601,#1618,.T.);
#1618 = B_SPLINE_CURVE_WITH_KNOTS('',1,(#1619,#1620),.UNSPECIFIED.,.F.,
  .F.,(2,2),(-0.2,-0.),.PIECEWISE_BEZIER_KNOTS.);
#1619 = CARTESIAN_POINT('',(12.200000023361,-8.58783959E-09,
    9.240000000282));
#1620 = CARTESIAN_POINT('',(12.200000023361,-8.58781878E-09,
    9.04000000027));
#1621 = B_SPLINE_SURFACE_WITH_KNOTS('',1,11,(
    (#1622,#1623,#1624,#1625,#1626,#1627,#1628,#1629,#1630,#1631,#1632
      ,#1633)
    ,(#1634,#1635,#1636,#1637,#1638,#1639,#1640,#1641,#1642,#1643,#1644
      ,#1645
    )),.UNSPECIFIED.,.F.,.F.,.F.,(2,2),(12,12),(-0.2,-0.),(0.,
    6.285222160302),.PIECEWISE_BEZIER_KNOTS.);
#1622 = CARTESIAN_POINT('',(12.200000023096,-4.16205933E-09,
    9.560000000274));
#1623 = CARTESIAN_POINT('',(12.200000072462,-6.968623802742,
    9.530909091809));
#1624 = CARTESIAN_POINT('',(7.822426413907,-13.93708921542,9.50181818345
    ));
#1625 = CARTESIAN_POINT('',(-0.941802899761,-17.85041608683,
    9.472727267538));
#1626 = CARTESIAN_POINT('',(-11.64864754632,-15.64129114612,
    9.443636377195));
#1627 = CARTESIAN_POINT('',(-19.63196785415,-6.450484922695,
    9.414545436485));
#1628 = CARTESIAN_POINT('',(-19.63196594118,6.450484952204,
    9.385454564155));
#1629 = CARTESIAN_POINT('',(-11.64864896027,15.641291143035,9.3563636244
    ));
#1630 = CARTESIAN_POINT('',(-0.941802117742,17.850416093547,
    9.327272734346));
#1631 = CARTESIAN_POINT('',(7.822426159006,13.937089208637,
    9.298181816002));
#1632 = CARTESIAN_POINT('',(12.200000126169,6.96862378636,9.269090910552
    ));
#1633 = CARTESIAN_POINT('',(12.200000023361,-8.58783959E-09,
    9.240000000282));
#1634 = CARTESIAN_POINT('',(12.200000023096,-4.16204563E-09,
    9.360000000263));
#1635 = CARTESIAN_POINT('',(12.200000072462,-6.968623802741,
    9.330909091797));
#1636 = CARTESIAN_POINT('',(7.822426413908,-13.93708921542,
    9.301818183437));
#1637 = CARTESIAN_POINT('',(-0.941802899767,-17.85041608682,
    9.272727267528));
#1638 = CARTESIAN_POINT('',(-11.64864754631,-15.64129114613,
    9.24363637718));
#1639 = CARTESIAN_POINT('',(-19.63196785418,-6.450484922665,
    9.214545436479));
#1640 = CARTESIAN_POINT('',(-19.63196594117,6.450484952168,
    9.185454564137));
#1641 = CARTESIAN_POINT('',(-11.64864896028,15.641291143063,
    9.156363624393));
#1642 = CARTESIAN_POINT('',(-0.941802117742,17.850416093534,
    9.127272734331));
#1643 = CARTESIAN_POINT('',(7.822426159007,13.93708920864,9.098181815992
    ));
#1644 = CARTESIAN_POINT('',(12.200000126168,6.96862378636,9.06909091054)
  );
#1645 = CARTESIAN_POINT('',(12.200000023361,-8.58781878E-09,
    9.04000000027));
#1646 = ADVANCED_FACE('',(#1647),#1692,.F.);
#1647 = FACE_BOUND('',#1648,.T.);
#1648 = EDGE_LOOP('',(#1649,#1666,#1674,#1689,#1690,#1691));
#1649 = ORIENTED_EDGE('',*,*,#1650,.T.);
#1650 = EDGE_CURVE('',#1496,#1651,#1653,.T.);
#1651 = VERTEX_POINT('',#1652);
#1652 = CARTESIAN_POINT('',(6.26E-13,11.999999659365,9.000000059086));
#1653 = B_SPLINE_CURVE_WITH_KNOTS('',11,(#1654,#1655,#1656,#1657,#1658,
    #1659,#1660,#1661,#1662,#1663,#1664,#1665),.UNSPECIFIED.,.F.,.F.,(12
    ,12),(0.,6.285222160302),.PIECEWISE_BEZIER_KNOTS.);
#1654 = CARTESIAN_POINT('',(12.00000002336,-8.58809626E-09,
    9.240000000282));
#1655 = CARTESIAN_POINT('',(11.999999973231,-6.854384061924,
    9.210909090666));
#1656 = CARTESIAN_POINT('',(7.694190008444,-13.70861226991,
    9.181818184017));
#1657 = CARTESIAN_POINT('',(-0.926363544792,-17.5577864329,
    9.152727268507));
#1658 = CARTESIAN_POINT('',(-11.4576863871,-15.38487627389,
    9.123636371261));
#1659 = CARTESIAN_POINT('',(-19.31013149044,-6.344739530841,
    9.094545447222));
#1660 = CARTESIAN_POINT('',(-19.31013155313,6.344739618737,
    9.065454549877));
#1661 = CARTESIAN_POINT('',(-11.45768634874,15.384876202462,
    9.036363636858));
#1662 = CARTESIAN_POINT('',(-0.926363512843,17.557786478992,
    9.007272725277));
#1663 = CARTESIAN_POINT('',(7.694190056546,13.70861224755,8.978181820438
    ));
#1664 = CARTESIAN_POINT('',(11.999999952575,6.854384040929,
    8.949090908463));
#1665 = CARTESIAN_POINT('',(12.000000046126,-7.4717283E-09,
    8.920000000551));
#1666 = ORIENTED_EDGE('',*,*,#1667,.T.);
#1667 = EDGE_CURVE('',#1651,#1668,#1670,.T.);
#1668 = VERTEX_POINT('',#1669);
#1669 = CARTESIAN_POINT('',(1.446E-11,11.999999670089,9.120000059315));
#1670 = LINE('',#1671,#1672);
#1671 = CARTESIAN_POINT('',(0.,12.,8.532088886238));
#1672 = VECTOR('',#1673,1.);
#1673 = DIRECTION('',(0.,0.,1.));
#1674 = ORIENTED_EDGE('',*,*,#1675,.F.);
#1675 = EDGE_CURVE('',#1549,#1668,#1676,.T.);
#1676 = B_SPLINE_CURVE_WITH_KNOTS('',11,(#1677,#1678,#1679,#1680,#1681,
    #1682,#1683,#1684,#1685,#1686,#1687,#1688),.UNSPECIFIED.,.F.,.F.,(12
    ,12),(0.,6.285222160302),.PIECEWISE_BEZIER_KNOTS.);
#1677 = CARTESIAN_POINT('',(12.000000023096,-4.16183375E-09,
    9.360000000263));
#1678 = CARTESIAN_POINT('',(12.000000072462,-6.854384069895,
    9.330909091797));
#1679 = CARTESIAN_POINT('',(7.694189916416,-13.70861233857,
    9.301818183437));
#1680 = CARTESIAN_POINT('',(-0.926363512598,-17.55778633143,
    9.272727267528));
#1681 = CARTESIAN_POINT('',(-11.45768610192,-15.38487650806,
    9.243636377181));
#1682 = CARTESIAN_POINT('',(-19.31013233174,-6.344739310086,
    9.214545436475));
#1683 = CARTESIAN_POINT('',(-19.31013041882,6.344739339585,
    9.185454564142));
#1684 = CARTESIAN_POINT('',(-11.45768751584,15.384876504995,
    9.156363624389));
#1685 = CARTESIAN_POINT('',(-0.926362730599,17.557786338141,
    9.127272734334));
#1686 = CARTESIAN_POINT('',(7.694189661519,13.708612331789,
    9.098181815991));
#1687 = CARTESIAN_POINT('',(12.000000126168,6.854384053513,9.06909091054
    ));
#1688 = CARTESIAN_POINT('',(12.000000023361,-8.58744334E-09,
    9.04000000027));
#1689 = ORIENTED_EDGE('',*,*,#1548,.F.);
#1690 = ORIENTED_EDGE('',*,*,#1074,.F.);
#1691 = ORIENTED_EDGE('',*,*,#1502,.T.);
#1692 = CYLINDRICAL_SURFACE('',#1693,12.);
#1693 = AXIS2_PLACEMENT_3D('',#1694,#1695,#1696);
#1694 = CARTESIAN_POINT('',(0.,0.,8.532088886238));
#1695 = DIRECTION('',(0.,0.,1.));
#1696 = DIRECTION('',(0.,1.,0.));
#1697 = ADVANCED_FACE('',(#1698),#1733,.F.);
#1698 = FACE_BOUND('',#1699,.F.);
#1699 = EDGE_LOOP('',(#1700,#1701,#1711,#1728));
#1700 = ORIENTED_EDGE('',*,*,#1126,.F.);
#1701 = ORIENTED_EDGE('',*,*,#1702,.F.);
#1702 = EDGE_CURVE('',#1703,#1127,#1705,.T.);
#1703 = VERTEX_POINT('',#1704);
#1704 = CARTESIAN_POINT('',(-8.343872797533,-8.343860199632,0.));
#1705 = B_SPLINE_CURVE_WITH_KNOTS('',4,(#1706,#1707,#1708,#1709,#1710),
  .UNSPECIFIED.,.F.,.F.,(5,5),(0.,1.),.PIECEWISE_BEZIER_KNOTS.);
#1706 = CARTESIAN_POINT('',(-8.343872797533,-8.343860199632,0.));
#1707 = CARTESIAN_POINT('',(-8.379228190741,-8.379215539464,0.));
#1708 = CARTESIAN_POINT('',(-8.414583583948,-8.414570879296,0.));
#1709 = CARTESIAN_POINT('',(-8.449938977155,-8.449926219127,0.));
#1710 = CARTESIAN_POINT('',(-8.485294370363,-8.485281558959,0.));
#1711 = ORIENTED_EDGE('',*,*,#1712,.T.);
#1712 = EDGE_CURVE('',#1703,#1713,#1715,.T.);
#1713 = VERTEX_POINT('',#1714);
#1714 = CARTESIAN_POINT('',(11.799999999997,-1.057204E-09,0.120000000003
    ));
#1715 = B_SPLINE_CURVE_WITH_KNOTS('',11,(#1716,#1717,#1718,#1719,#1720,
    #1721,#1722,#1723,#1724,#1725,#1726,#1727),.UNSPECIFIED.,.F.,.F.,(12
    ,12),(0.,6.285222160302),.PIECEWISE_BEZIER_KNOTS.);
#1716 = CARTESIAN_POINT('',(11.8,-5.6E-16,-0.2));
#1717 = CARTESIAN_POINT('',(11.800000000452,6.74014430132,
    -0.170909090911));
#1718 = CARTESIAN_POINT('',(7.565953353805,13.48013537966,
    -0.141818181829));
#1719 = CARTESIAN_POINT('',(-0.91092384538,17.265156611198,
    -0.112727272688));
#1720 = CARTESIAN_POINT('',(-11.26672521163,15.128461617763,
    -8.363636373288E-02));
#1721 = CARTESIAN_POINT('',(-18.98829582561,6.238993941761,
    -5.454545439374E-02));
#1722 = CARTESIAN_POINT('',(-18.9882958251,-6.238993950986,
    -2.545454563645E-02));
#1723 = CARTESIAN_POINT('',(-11.2667252145,-15.12846159064,
    3.636363796981E-03));
#1724 = CARTESIAN_POINT('',(-0.910923847312,-17.26515663364,
    3.272727261569E-02));
#1725 = CARTESIAN_POINT('',(7.565953351939,-13.48013536896,
    6.181818187205E-02));
#1726 = CARTESIAN_POINT('',(11.799999999573,-6.740144306451,
    9.090909088878E-02));
#1727 = CARTESIAN_POINT('',(11.799999999997,-1.05721597E-09,
    0.120000000003));
#1728 = ORIENTED_EDGE('',*,*,#1729,.F.);
#1729 = EDGE_CURVE('',#1129,#1713,#1730,.T.);
#1730 = B_SPLINE_CURVE_WITH_KNOTS('',1,(#1731,#1732),.UNSPECIFIED.,.F.,
  .F.,(2,2),(-0.2,-0.),.PIECEWISE_BEZIER_KNOTS.);
#1731 = CARTESIAN_POINT('',(11.999999999997,-1.05702538E-09,
    0.120000000003));
#1732 = CARTESIAN_POINT('',(11.799999999997,-1.05721597E-09,
    0.120000000003));
#1733 = B_SPLINE_SURFACE_WITH_KNOTS('',1,11,(
    (#1734,#1735,#1736,#1737,#1738,#1739,#1740,#1741,#1742,#1743,#1744
      ,#1745)
    ,(#1746,#1747,#1748,#1749,#1750,#1751,#1752,#1753,#1754,#1755,#1756
      ,#1757
    )),.UNSPECIFIED.,.F.,.F.,.F.,(2,2),(12,12),(-0.2,-0.),(0.,
    6.285222160302),.PIECEWISE_BEZIER_KNOTS.);
#1734 = CARTESIAN_POINT('',(12.,-9.06E-15,-0.2));
#1735 = CARTESIAN_POINT('',(12.000000000452,6.854384034168,
    -0.170909090911));
#1736 = CARTESIAN_POINT('',(7.694189851297,13.708612256508,
    -0.141818181829));
#1737 = CARTESIAN_POINT('',(-0.92636323254,17.557786366604,
    -0.112727272688));
#1738 = CARTESIAN_POINT('',(-11.45768665604,15.384876255798,
    -8.363636373285E-02));
#1739 = CARTESIAN_POINT('',(-19.310131348,6.344739554394,
    -5.45454543938E-02));
#1740 = CARTESIAN_POINT('',(-19.3101313475,-6.344739563621,
    -2.545454563637E-02));
#1741 = CARTESIAN_POINT('',(-11.45768665891,-15.38487622867,
    3.636363796909E-03));
#1742 = CARTESIAN_POINT('',(-0.926363234472,-17.55778638905,
    3.272727261574E-02));
#1743 = CARTESIAN_POINT('',(7.69418984943,-13.70861224581,
    6.181818187203E-02));
#1744 = CARTESIAN_POINT('',(11.999999999573,-6.854384039298,
    9.090909088878E-02));
#1745 = CARTESIAN_POINT('',(11.999999999997,-1.05702538E-09,
    0.120000000003));
#1746 = CARTESIAN_POINT('',(11.8,-5.6E-16,-0.2));
#1747 = CARTESIAN_POINT('',(11.800000000452,6.74014430132,
    -0.170909090911));
#1748 = CARTESIAN_POINT('',(7.565953353805,13.48013537966,
    -0.141818181829));
#1749 = CARTESIAN_POINT('',(-0.91092384538,17.265156611198,
    -0.112727272688));
#1750 = CARTESIAN_POINT('',(-11.26672521163,15.128461617763,
    -8.363636373288E-02));
#1751 = CARTESIAN_POINT('',(-18.98829582561,6.238993941761,
    -5.454545439374E-02));
#1752 = CARTESIAN_POINT('',(-18.9882958251,-6.238993950986,
    -2.545454563645E-02));
#1753 = CARTESIAN_POINT('',(-11.2667252145,-15.12846159064,
    3.636363796981E-03));
#1754 = CARTESIAN_POINT('',(-0.910923847312,-17.26515663364,
    3.272727261569E-02));
#1755 = CARTESIAN_POINT('',(7.565953351939,-13.48013536896,
    6.181818187205E-02));
#1756 = CARTESIAN_POINT('',(11.799999999573,-6.740144306451,
    9.090909088878E-02));
#1757 = CARTESIAN_POINT('',(11.799999999997,-1.05721597E-09,
    0.120000000003));
#1758 = ADVANCED_FACE('',(#1759),#1785,.F.);
#1759 = FACE_BOUND('',#1760,.F.);
#1760 = EDGE_LOOP('',(#1761,#1762,#1763,#1780));
#1761 = ORIENTED_EDGE('',*,*,#1145,.F.);
#1762 = ORIENTED_EDGE('',*,*,#1729,.T.);
#1763 = ORIENTED_EDGE('',*,*,#1764,.T.);
#1764 = EDGE_CURVE('',#1713,#1765,#1767,.T.);
#1765 = VERTEX_POINT('',#1766);
#1766 = CARTESIAN_POINT('',(11.799999999974,-2.316402E-09,0.44000000003)
  );
#1767 = B_SPLINE_CURVE_WITH_KNOTS('',11,(#1768,#1769,#1770,#1771,#1772,
    #1773,#1774,#1775,#1776,#1777,#1778,#1779),.UNSPECIFIED.,.F.,.F.,(12
    ,12),(0.,6.285222160302),.PIECEWISE_BEZIER_KNOTS.);
#1768 = CARTESIAN_POINT('',(11.799999999997,-1.05711563E-09,
    0.120000000003));
#1769 = CARTESIAN_POINT('',(11.800000001143,6.740144293116,
    0.149090909262));
#1770 = CARTESIAN_POINT('',(7.565953355928,13.480135406038,0.17818181757
    ));
#1771 = CARTESIAN_POINT('',(-0.910923844249,17.265156548706,
    0.207272728928));
#1772 = CARTESIAN_POINT('',(-11.26672520817,15.128461711636,
    0.236363633453));
#1773 = CARTESIAN_POINT('',(-18.98829582679,6.238993853105,
    0.265454549241));
#1774 = CARTESIAN_POINT('',(-18.98829582368,-6.23899389175,
    0.294545451024));
#1775 = CARTESIAN_POINT('',(-11.2667252181,-15.12846160582,
    0.323636366099));
#1776 = CARTESIAN_POINT('',(-0.910923848507,-17.26515663822,
    0.352727271525));
#1777 = CARTESIAN_POINT('',(7.565953349937,-13.48013536329,
    0.381818182263));
#1778 = CARTESIAN_POINT('',(11.799999998784,-6.740144310337,
    0.410909090833));
#1779 = CARTESIAN_POINT('',(11.799999999974,-2.31611808E-09,
    0.44000000003));
#1780 = ORIENTED_EDGE('',*,*,#1781,.F.);
#1781 = EDGE_CURVE('',#1146,#1765,#1782,.T.);
#1782 = B_SPLINE_CURVE_WITH_KNOTS('',1,(#1783,#1784),.UNSPECIFIED.,.F.,
  .F.,(2,2),(-0.2,-0.),.PIECEWISE_BEZIER_KNOTS.);
#1783 = CARTESIAN_POINT('',(11.999999999974,-2.31572734E-09,
    0.44000000003));
#1784 = CARTESIAN_POINT('',(11.799999999974,-2.31611808E-09,
    0.44000000003));
#1785 = B_SPLINE_SURFACE_WITH_KNOTS('',1,11,(
    (#1786,#1787,#1788,#1789,#1790,#1791,#1792,#1793,#1794,#1795,#1796
      ,#1797)
    ,(#1798,#1799,#1800,#1801,#1802,#1803,#1804,#1805,#1806,#1807,#1808
      ,#1809
    )),.UNSPECIFIED.,.F.,.F.,.F.,(2,2),(12,12),(-0.2,-0.),(0.,
    6.285222160302),.PIECEWISE_BEZIER_KNOTS.);
#1786 = CARTESIAN_POINT('',(11.999999999997,-1.05692399E-09,
    0.120000000003));
#1787 = CARTESIAN_POINT('',(12.000000001143,6.854384025964,
    0.149090909262));
#1788 = CARTESIAN_POINT('',(7.694189853417,13.708612282884,0.17818181757
    ));
#1789 = CARTESIAN_POINT('',(-0.9263632314,17.557786304108,0.207272728929
    ));
#1790 = CARTESIAN_POINT('',(-11.4576866526,15.384876349695,
    0.236363633451));
#1791 = CARTESIAN_POINT('',(-19.31013134917,6.344739465687,
    0.265454549243));
#1792 = CARTESIAN_POINT('',(-19.31013134609,-6.344739504321,
    0.294545451024));
#1793 = CARTESIAN_POINT('',(-11.4576866625,-15.38487624391,
    0.323636366098));
#1794 = CARTESIAN_POINT('',(-0.926363235668,-17.5577863936,
    0.352727271526));
#1795 = CARTESIAN_POINT('',(7.69418984743,-13.70861224014,0.381818182263
    ));
#1796 = CARTESIAN_POINT('',(11.999999998784,-6.854384043182,
    0.410909090833));
#1797 = CARTESIAN_POINT('',(11.999999999974,-2.31572734E-09,
    0.44000000003));
#1798 = CARTESIAN_POINT('',(11.799999999997,-1.05711563E-09,
    0.120000000003));
#1799 = CARTESIAN_POINT('',(11.800000001143,6.740144293116,
    0.149090909262));
#1800 = CARTESIAN_POINT('',(7.565953355928,13.480135406038,0.17818181757
    ));
#1801 = CARTESIAN_POINT('',(-0.910923844249,17.265156548706,
    0.207272728928));
#1802 = CARTESIAN_POINT('',(-11.26672520817,15.128461711636,
    0.236363633453));
#1803 = CARTESIAN_POINT('',(-18.98829582679,6.238993853105,
    0.265454549241));
#1804 = CARTESIAN_POINT('',(-18.98829582368,-6.23899389175,
    0.294545451024));
#1805 = CARTESIAN_POINT('',(-11.2667252181,-15.12846160582,
    0.323636366099));
#1806 = CARTESIAN_POINT('',(-0.910923848507,-17.26515663822,
    0.352727271525));
#1807 = CARTESIAN_POINT('',(7.565953349937,-13.48013536329,
    0.381818182263));
#1808 = CARTESIAN_POINT('',(11.799999998784,-6.740144310337,
    0.410909090833));
#1809 = CARTESIAN_POINT('',(11.799999999974,-2.31611808E-09,
    0.44000000003));
#1810 = ADVANCED_FACE('',(#1811),#1837,.F.);
#1811 = FACE_BOUND('',#1812,.F.);
#1812 = EDGE_LOOP('',(#1813,#1814,#1815,#1832));
#1813 = ORIENTED_EDGE('',*,*,#1162,.F.);
#1814 = ORIENTED_EDGE('',*,*,#1781,.T.);
#1815 = ORIENTED_EDGE('',*,*,#1816,.T.);
#1816 = EDGE_CURVE('',#1765,#1817,#1819,.T.);
#1817 = VERTEX_POINT('',#1818);
#1818 = CARTESIAN_POINT('',(11.799999999935,-3.910171E-09,0.760000000076
    ));
#1819 = B_SPLINE_CURVE_WITH_KNOTS('',11,(#1820,#1821,#1822,#1823,#1824,
    #1825,#1826,#1827,#1828,#1829,#1830,#1831),.UNSPECIFIED.,.F.,.F.,(12
    ,12),(0.,6.285222160302),.PIECEWISE_BEZIER_KNOTS.);
#1820 = CARTESIAN_POINT('',(11.799999999975,-2.31652848E-09,
    0.44000000003));
#1821 = CARTESIAN_POINT('',(11.800000001336,6.74014430017,0.469090909569
    ));
#1822 = CARTESIAN_POINT('',(7.565953357609,13.480135376873,
    0.498181816709));
#1823 = CARTESIAN_POINT('',(-0.910923844942,17.265156601685,
    0.527272731024));
#1824 = CARTESIAN_POINT('',(-11.26672520412,15.128461663773,
    0.556363630541));
#1825 = CARTESIAN_POINT('',(-18.98829582956,6.238993849857,
    0.585454552155));
#1826 = CARTESIAN_POINT('',(-18.98829582172,-6.238993815469,
    0.614545449407));
#1827 = CARTESIAN_POINT('',(-11.26672521992,-15.12846171269,
    0.643636366534));
#1828 = CARTESIAN_POINT('',(-0.910923849718,-17.26515655297,
    0.672727271821));
#1829 = CARTESIAN_POINT('',(7.565953349173,-13.48013540457,
    0.701818182078));
#1830 = CARTESIAN_POINT('',(11.799999998208,-6.740144300262,
    0.730909090978));
#1831 = CARTESIAN_POINT('',(11.799999999935,-3.90995496E-09,
    0.760000000076));
#1832 = ORIENTED_EDGE('',*,*,#1833,.F.);
#1833 = EDGE_CURVE('',#1163,#1817,#1834,.T.);
#1834 = B_SPLINE_CURVE_WITH_KNOTS('',1,(#1835,#1836),.UNSPECIFIED.,.F.,
  .F.,(2,2),(-0.2,-0.),.PIECEWISE_BEZIER_KNOTS.);
#1835 = CARTESIAN_POINT('',(11.999999999935,-3.90928575E-09,
    0.760000000076));
#1836 = CARTESIAN_POINT('',(11.799999999935,-3.90995496E-09,
    0.760000000076));
#1837 = B_SPLINE_SURFACE_WITH_KNOTS('',1,11,(
    (#1838,#1839,#1840,#1841,#1842,#1843,#1844,#1845,#1846,#1847,#1848
      ,#1849)
    ,(#1850,#1851,#1852,#1853,#1854,#1855,#1856,#1857,#1858,#1859,#1860
      ,#1861
    )),.UNSPECIFIED.,.F.,.F.,.F.,(2,2),(12,12),(-0.2,-0.),(0.,
    6.285222160302),.PIECEWISE_BEZIER_KNOTS.);
#1838 = CARTESIAN_POINT('',(11.999999999975,-2.31614362E-09,
    0.44000000003));
#1839 = CARTESIAN_POINT('',(12.000000001336,6.854384033018,
    0.469090909569));
#1840 = CARTESIAN_POINT('',(7.694189855099,13.708612253722,
    0.498181816709));
#1841 = CARTESIAN_POINT('',(-0.926363232101,17.557786357087,
    0.527272731023));
#1842 = CARTESIAN_POINT('',(-11.45768664853,15.384876301815,
    0.556363630546));
#1843 = CARTESIAN_POINT('',(-19.31013135197,6.344739462481,
    0.585454552142));
#1844 = CARTESIAN_POINT('',(-19.31013134409,-6.344739428099,
    0.614545449424));
#1845 = CARTESIAN_POINT('',(-11.45768666435,-15.38487635072,
    0.64363636652));
#1846 = CARTESIAN_POINT('',(-0.926363236865,-17.55778630838,
    0.672727271827));
#1847 = CARTESIAN_POINT('',(7.694189846662,-13.70861228142,
    0.701818182077));
#1848 = CARTESIAN_POINT('',(11.999999998209,-6.85438403311,
    0.730909090978));
#1849 = CARTESIAN_POINT('',(11.999999999935,-3.90928575E-09,
    0.760000000076));
#1850 = CARTESIAN_POINT('',(11.799999999975,-2.31652848E-09,
    0.44000000003));
#1851 = CARTESIAN_POINT('',(11.800000001336,6.74014430017,0.469090909569
    ));
#1852 = CARTESIAN_POINT('',(7.565953357609,13.480135376873,
    0.498181816709));
#1853 = CARTESIAN_POINT('',(-0.910923844942,17.265156601685,
    0.527272731024));
#1854 = CARTESIAN_POINT('',(-11.26672520412,15.128461663773,
    0.556363630541));
#1855 = CARTESIAN_POINT('',(-18.98829582956,6.238993849857,
    0.585454552155));
#1856 = CARTESIAN_POINT('',(-18.98829582172,-6.238993815469,
    0.614545449407));
#1857 = CARTESIAN_POINT('',(-11.26672521992,-15.12846171269,
    0.643636366534));
#1858 = CARTESIAN_POINT('',(-0.910923849718,-17.26515655297,
    0.672727271821));
#1859 = CARTESIAN_POINT('',(7.565953349173,-13.48013540457,
    0.701818182078));
#1860 = CARTESIAN_POINT('',(11.799999998208,-6.740144300262,
    0.730909090978));
#1861 = CARTESIAN_POINT('',(11.799999999935,-3.90995496E-09,
    0.760000000076));
#1862 = ADVANCED_FACE('',(#1863),#1889,.F.);
#1863 = FACE_BOUND('',#1864,.F.);
#1864 = EDGE_LOOP('',(#1865,#1866,#1867,#1884));
#1865 = ORIENTED_EDGE('',*,*,#1179,.F.);
#1866 = ORIENTED_EDGE('',*,*,#1833,.T.);
#1867 = ORIENTED_EDGE('',*,*,#1868,.T.);
#1868 = EDGE_CURVE('',#1817,#1869,#1871,.T.);
#1869 = VERTEX_POINT('',#1870);
#1870 = CARTESIAN_POINT('',(11.799999999915,-5.555513E-09,1.0800000001)
  );
#1871 = B_SPLINE_CURVE_WITH_KNOTS('',11,(#1872,#1873,#1874,#1875,#1876,
    #1877,#1878,#1879,#1880,#1881,#1882,#1883),.UNSPECIFIED.,.F.,.F.,(12
    ,12),(0.,6.285222160302),.PIECEWISE_BEZIER_KNOTS.);
#1872 = CARTESIAN_POINT('',(11.799999999935,-3.91018279E-09,
    0.760000000076));
#1873 = CARTESIAN_POINT('',(11.800000002229,6.740144295007,
    0.789090909713));
#1874 = CARTESIAN_POINT('',(7.565953359781,13.480135389345,
    0.818181816533));
#1875 = CARTESIAN_POINT('',(-0.910923842368,17.265156570962,
    0.84727273122));
#1876 = CARTESIAN_POINT('',(-11.26672520257,15.1284617093,0.876363631301
    ));
#1877 = CARTESIAN_POINT('',(-18.98829582649,6.238993812862,
    0.905454549889));
#1878 = CARTESIAN_POINT('',(-18.98829582561,-6.238993792731,
    0.934545453165));
#1879 = CARTESIAN_POINT('',(-11.26672521917,-15.12846171075,
    0.963636362869));
#1880 = CARTESIAN_POINT('',(-0.910923854326,-17.26515656067,
    0.992727274367));
#1881 = CARTESIAN_POINT('',(7.565953348028,-13.48013540004,
    1.021818181036));
#1882 = CARTESIAN_POINT('',(11.799999996901,-6.740144303766,
    1.050909091323));
#1883 = CARTESIAN_POINT('',(11.799999999914,-5.55541494E-09,1.0800000001
    ));
#1884 = ORIENTED_EDGE('',*,*,#1885,.F.);
#1885 = EDGE_CURVE('',#1180,#1869,#1886,.T.);
#1886 = B_SPLINE_CURVE_WITH_KNOTS('',1,(#1887,#1888),.UNSPECIFIED.,.F.,
  .F.,(2,2),(-0.2,-0.),.PIECEWISE_BEZIER_KNOTS.);
#1887 = CARTESIAN_POINT('',(11.999999999914,-5.5544624E-09,1.0800000001)
  );
#1888 = CARTESIAN_POINT('',(11.799999999914,-5.55541494E-09,1.0800000001
    ));
#1889 = B_SPLINE_SURFACE_WITH_KNOTS('',1,11,(
    (#1890,#1891,#1892,#1893,#1894,#1895,#1896,#1897,#1898,#1899,#1900
      ,#1901)
    ,(#1902,#1903,#1904,#1905,#1906,#1907,#1908,#1909,#1910,#1911,#1912
      ,#1913
    )),.UNSPECIFIED.,.F.,.F.,.F.,(2,2),(12,12),(-0.2,-0.),(0.,
    6.285222160302),.PIECEWISE_BEZIER_KNOTS.);
#1890 = CARTESIAN_POINT('',(11.999999999935,-3.9095146E-09,
    0.760000000076));
#1891 = CARTESIAN_POINT('',(12.000000002228,6.854384027856,
    0.789090909713));
#1892 = CARTESIAN_POINT('',(7.694189857274,13.708612266193,
    0.818181816533));
#1893 = CARTESIAN_POINT('',(-0.926363229535,17.557786326363,
    0.847272731219));
#1894 = CARTESIAN_POINT('',(-11.45768664696,15.384876347353,
    0.876363631303));
#1895 = CARTESIAN_POINT('',(-19.31013134891,6.344739425465,
    0.905454549888));
#1896 = CARTESIAN_POINT('',(-19.31013134797,-6.344739405338,
    0.934545453165));
#1897 = CARTESIAN_POINT('',(-11.45768666361,-15.3848763488,0.96363636287
    ));
#1898 = CARTESIAN_POINT('',(-0.92636324147,-17.55778631607,
    0.992727274366));
#1899 = CARTESIAN_POINT('',(7.694189845517,-13.70861227689,
    1.021818181036));
#1900 = CARTESIAN_POINT('',(11.999999996902,-6.854384036613,
    1.050909091323));
#1901 = CARTESIAN_POINT('',(11.999999999914,-5.5544624E-09,1.0800000001)
  );
#1902 = CARTESIAN_POINT('',(11.799999999935,-3.91018279E-09,
    0.760000000076));
#1903 = CARTESIAN_POINT('',(11.800000002229,6.740144295007,
    0.789090909713));
#1904 = CARTESIAN_POINT('',(7.565953359781,13.480135389345,
    0.818181816533));
#1905 = CARTESIAN_POINT('',(-0.910923842368,17.265156570962,
    0.84727273122));
#1906 = CARTESIAN_POINT('',(-11.26672520257,15.1284617093,0.876363631301
    ));
#1907 = CARTESIAN_POINT('',(-18.98829582649,6.238993812862,
    0.905454549889));
#1908 = CARTESIAN_POINT('',(-18.98829582561,-6.238993792731,
    0.934545453165));
#1909 = CARTESIAN_POINT('',(-11.26672521917,-15.12846171075,
    0.963636362869));
#1910 = CARTESIAN_POINT('',(-0.910923854326,-17.26515656067,
    0.992727274367));
#1911 = CARTESIAN_POINT('',(7.565953348028,-13.48013540004,
    1.021818181036));
#1912 = CARTESIAN_POINT('',(11.799999996901,-6.740144303766,
    1.050909091323));
#1913 = CARTESIAN_POINT('',(11.799999999914,-5.55541494E-09,1.0800000001
    ));
#1914 = ADVANCED_FACE('',(#1915),#1941,.F.);
#1915 = FACE_BOUND('',#1916,.F.);
#1916 = EDGE_LOOP('',(#1917,#1918,#1919,#1936));
#1917 = ORIENTED_EDGE('',*,*,#1196,.F.);
#1918 = ORIENTED_EDGE('',*,*,#1885,.T.);
#1919 = ORIENTED_EDGE('',*,*,#1920,.T.);
#1920 = EDGE_CURVE('',#1869,#1921,#1923,.T.);
#1921 = VERTEX_POINT('',#1922);
#1922 = CARTESIAN_POINT('',(11.799999999832,-6.441139E-09,1.400000000198
    ));
#1923 = B_SPLINE_CURVE_WITH_KNOTS('',11,(#1924,#1925,#1926,#1927,#1928,
    #1929,#1930,#1931,#1932,#1933,#1934,#1935),.UNSPECIFIED.,.F.,.F.,(12
    ,12),(0.,6.285222160302),.PIECEWISE_BEZIER_KNOTS.);
#1924 = CARTESIAN_POINT('',(11.799999999915,-5.55563317E-09,1.0800000001
    ));
#1925 = CARTESIAN_POINT('',(11.800000002656,6.740144297024,
    1.109090910148));
#1926 = CARTESIAN_POINT('',(7.565953362651,13.480135370899,
    1.138181815093));
#1927 = CARTESIAN_POINT('',(-0.910923843778,17.265156624138,
    1.167272735221));
#1928 = CARTESIAN_POINT('',(-11.26672519448,15.128461600978,
    1.196363624234));
#1929 = CARTESIAN_POINT('',(-18.98829583364,6.23899397648,1.225454559328
    ));
#1930 = CARTESIAN_POINT('',(-18.98829581882,-6.238993964335,
    1.25454544417));
#1931 = CARTESIAN_POINT('',(-11.26672522612,-15.12846157173,
    1.283636369395));
#1932 = CARTESIAN_POINT('',(-0.910923853649,-17.2651566388,
    1.312727271097));
#1933 = CARTESIAN_POINT('',(7.565953345392,-13.4801353705,1.341818182304
    ));
#1934 = CARTESIAN_POINT('',(11.799999996274,-6.740144312144,
    1.370909091118));
#1935 = CARTESIAN_POINT('',(11.799999999832,-6.44126672E-09,
    1.400000000198));
#1936 = ORIENTED_EDGE('',*,*,#1937,.F.);
#1937 = EDGE_CURVE('',#1197,#1921,#1938,.T.);
#1938 = B_SPLINE_CURVE_WITH_KNOTS('',1,(#1939,#1940),.UNSPECIFIED.,.F.,
  .F.,(2,2),(-0.2,-0.),.PIECEWISE_BEZIER_KNOTS.);
#1939 = CARTESIAN_POINT('',(11.999999999832,-6.44016465E-09,
    1.400000000198));
#1940 = CARTESIAN_POINT('',(11.799999999832,-6.44126672E-09,
    1.400000000198));
#1941 = B_SPLINE_SURFACE_WITH_KNOTS('',1,11,(
    (#1942,#1943,#1944,#1945,#1946,#1947,#1948,#1949,#1950,#1951,#1952
      ,#1953)
    ,(#1954,#1955,#1956,#1957,#1958,#1959,#1960,#1961,#1962,#1963,#1964
      ,#1965
    )),.UNSPECIFIED.,.F.,.F.,.F.,(2,2),(12,12),(-0.2,-0.),(0.,
    6.285222160302),.PIECEWISE_BEZIER_KNOTS.);
#1942 = CARTESIAN_POINT('',(11.999999999915,-5.55470177E-09,1.0800000001
    ));
#1943 = CARTESIAN_POINT('',(12.000000002656,6.854384029872,
    1.109090910148));
#1944 = CARTESIAN_POINT('',(7.694189860139,13.708612247752,
    1.138181815094));
#1945 = CARTESIAN_POINT('',(-0.926363230926,17.557786379526,
    1.167272735219));
#1946 = CARTESIAN_POINT('',(-11.45768663892,15.384876239051,
    1.196363624238));
#1947 = CARTESIAN_POINT('',(-19.31013135599,6.344739589055,
    1.225454559323));
#1948 = CARTESIAN_POINT('',(-19.31013134125,-6.344739576912,
    1.254545444176));
#1949 = CARTESIAN_POINT('',(-11.4576866705,-15.38487620981,1.28363636939
    ));
#1950 = CARTESIAN_POINT('',(-0.926363240815,-17.55778639419,1.3127272711
    ));
#1951 = CARTESIAN_POINT('',(7.694189842886,-13.70861224735,
    1.341818182303));
#1952 = CARTESIAN_POINT('',(11.999999996275,-6.854384044989,
    1.370909091118));
#1953 = CARTESIAN_POINT('',(11.999999999832,-6.44016465E-09,
    1.400000000198));
#1954 = CARTESIAN_POINT('',(11.799999999915,-5.55563317E-09,1.0800000001
    ));
#1955 = CARTESIAN_POINT('',(11.800000002656,6.740144297024,
    1.109090910148));
#1956 = CARTESIAN_POINT('',(7.565953362651,13.480135370899,
    1.138181815093));
#1957 = CARTESIAN_POINT('',(-0.910923843778,17.265156624138,
    1.167272735221));
#1958 = CARTESIAN_POINT('',(-11.26672519448,15.128461600978,
    1.196363624234));
#1959 = CARTESIAN_POINT('',(-18.98829583364,6.23899397648,1.225454559328
    ));
#1960 = CARTESIAN_POINT('',(-18.98829581882,-6.238993964335,
    1.25454544417));
#1961 = CARTESIAN_POINT('',(-11.26672522612,-15.12846157173,
    1.283636369395));
#1962 = CARTESIAN_POINT('',(-0.910923853649,-17.2651566388,
    1.312727271097));
#1963 = CARTESIAN_POINT('',(7.565953345392,-13.4801353705,1.341818182304
    ));
#1964 = CARTESIAN_POINT('',(11.799999996274,-6.740144312144,
    1.370909091118));
#1965 = CARTESIAN_POINT('',(11.799999999832,-6.44126672E-09,
    1.400000000198));
#1966 = ADVANCED_FACE('',(#1967),#1993,.F.);
#1967 = FACE_BOUND('',#1968,.F.);
#1968 = EDGE_LOOP('',(#1969,#1970,#1971,#1988));
#1969 = ORIENTED_EDGE('',*,*,#1213,.F.);
#1970 = ORIENTED_EDGE('',*,*,#1937,.T.);
#1971 = ORIENTED_EDGE('',*,*,#1972,.T.);
#1972 = EDGE_CURVE('',#1921,#1973,#1975,.T.);
#1973 = VERTEX_POINT('',#1974);
#1974 = CARTESIAN_POINT('',(11.799999999758,-7.493578E-09,1.720000000284
    ));
#1975 = B_SPLINE_CURVE_WITH_KNOTS('',11,(#1976,#1977,#1978,#1979,#1980,
    #1981,#1982,#1983,#1984,#1985,#1986,#1987),.UNSPECIFIED.,.F.,.F.,(12
    ,12),(0.,6.285222160302),.PIECEWISE_BEZIER_KNOTS.);
#1976 = CARTESIAN_POINT('',(11.799999999831,-6.44101994E-09,
    1.400000000198));
#1977 = CARTESIAN_POINT('',(11.800000003143,6.74014429467,1.429090910245
    ));
#1978 = CARTESIAN_POINT('',(7.565953363738,13.480135375595,
    1.458181815199));
#1979 = CARTESIAN_POINT('',(-0.91092384224,17.265156610725,1.4872727352)
  );
#1980 = CARTESIAN_POINT('',(-11.2667251935,15.12846162386,1.516363624715
    ));
#1981 = CARTESIAN_POINT('',(-18.98829583203,6.23899395287,1.545454558671
    ));
#1982 = CARTESIAN_POINT('',(-18.98829582065,-6.238993942732,
    1.57454544525));
#1983 = CARTESIAN_POINT('',(-11.26672522601,-15.12846158151,
    1.603636368579));
#1984 = CARTESIAN_POINT('',(-0.910923855865,-17.26515663471,
    1.632727271787));
#1985 = CARTESIAN_POINT('',(7.565953344483,-13.48013537195,
    1.661818182137));
#1986 = CARTESIAN_POINT('',(11.799999995564,-6.740144312922,
    1.690909091283));
#1987 = CARTESIAN_POINT('',(11.799999999758,-7.49422079E-09,
    1.720000000284));
#1988 = ORIENTED_EDGE('',*,*,#1989,.F.);
#1989 = EDGE_CURVE('',#1214,#1973,#1990,.T.);
#1990 = B_SPLINE_CURVE_WITH_KNOTS('',1,(#1991,#1992),.UNSPECIFIED.,.F.,
  .F.,(2,2),(-0.2,-0.),.PIECEWISE_BEZIER_KNOTS.);
#1991 = CARTESIAN_POINT('',(11.999999999758,-7.4929374E-09,
    1.720000000284));
#1992 = CARTESIAN_POINT('',(11.799999999758,-7.49422079E-09,
    1.720000000284));
#1993 = B_SPLINE_SURFACE_WITH_KNOTS('',1,11,(
    (#1994,#1995,#1996,#1997,#1998,#1999,#2000,#2001,#2002,#2003,#2004
      ,#2005)
    ,(#2006,#2007,#2008,#2009,#2010,#2011,#2012,#2013,#2014,#2015,#2016
      ,#2017
    )),.UNSPECIFIED.,.F.,.F.,.F.,(2,2),(12,12),(-0.2,-0.),(0.,
    6.285222160302),.PIECEWISE_BEZIER_KNOTS.);
#1994 = CARTESIAN_POINT('',(11.999999999832,-6.43994986E-09,
    1.400000000198));
#1995 = CARTESIAN_POINT('',(12.000000003143,6.854384027518,
    1.429090910245));
#1996 = CARTESIAN_POINT('',(7.694189861229,13.708612252445,1.4581818152)
  );
#1997 = CARTESIAN_POINT('',(-0.926363229404,17.557786366127,1.4872727352
    ));
#1998 = CARTESIAN_POINT('',(-11.4576866379,15.384876261905,
    1.516363624711));
#1999 = CARTESIAN_POINT('',(-19.31013135444,6.34473956548,1.545454558681
    ));
#2000 = CARTESIAN_POINT('',(-19.31013134301,-6.344739555343,
    1.574545445237));
#2001 = CARTESIAN_POINT('',(-11.45768667044,-15.38487621956,
    1.603636368589));
#2002 = CARTESIAN_POINT('',(-0.926363243008,-17.55778639011,
    1.632727271781));
#2003 = CARTESIAN_POINT('',(7.694189841973,-13.7086122488,1.661818182139
    ));
#2004 = CARTESIAN_POINT('',(11.999999995564,-6.854384045767,
    1.690909091283));
#2005 = CARTESIAN_POINT('',(11.999999999758,-7.4929374E-09,
    1.720000000284));
#2006 = CARTESIAN_POINT('',(11.799999999831,-6.44101994E-09,
    1.400000000198));
#2007 = CARTESIAN_POINT('',(11.800000003143,6.74014429467,1.429090910245
    ));
#2008 = CARTESIAN_POINT('',(7.565953363738,13.480135375595,
    1.458181815199));
#2009 = CARTESIAN_POINT('',(-0.91092384224,17.265156610725,1.4872727352)
  );
#2010 = CARTESIAN_POINT('',(-11.2667251935,15.12846162386,1.516363624715
    ));
#2011 = CARTESIAN_POINT('',(-18.98829583203,6.23899395287,1.545454558671
    ));
#2012 = CARTESIAN_POINT('',(-18.98829582065,-6.238993942732,
    1.57454544525));
#2013 = CARTESIAN_POINT('',(-11.26672522601,-15.12846158151,
    1.603636368579));
#2014 = CARTESIAN_POINT('',(-0.910923855865,-17.26515663471,
    1.632727271787));
#2015 = CARTESIAN_POINT('',(7.565953344483,-13.48013537195,
    1.661818182137));
#2016 = CARTESIAN_POINT('',(11.799999995564,-6.740144312922,
    1.690909091283));
#2017 = CARTESIAN_POINT('',(11.799999999758,-7.49422079E-09,
    1.720000000284));
#2018 = ADVANCED_FACE('',(#2019),#2040,.F.);
#2019 = FACE_BOUND('',#2020,.F.);
#2020 = EDGE_LOOP('',(#2021,#2022,#2023,#2035));
#2021 = ORIENTED_EDGE('',*,*,#1230,.F.);
#2022 = ORIENTED_EDGE('',*,*,#1989,.T.);
#2023 = ORIENTED_EDGE('',*,*,#2024,.T.);
#2024 = EDGE_CURVE('',#1973,#2025,#2027,.T.);
#2025 = VERTEX_POINT('',#2026);
#2026 = CARTESIAN_POINT('',(7.334897E-09,11.799999999816,1.800000000216)
  );
#2027 = B_SPLINE_CURVE_WITH_KNOTS('',6,(#2028,#2029,#2030,#2031,#2032,
    #2033,#2034),.UNSPECIFIED.,.F.,.F.,(7,7),(0.,1.571305540076),
  .PIECEWISE_BEZIER_KNOTS.);
#2028 = CARTESIAN_POINT('',(11.799999999758,-7.49353646E-09,
    1.720000000284));
#2029 = CARTESIAN_POINT('',(11.800000001911,3.089232714168,
    1.733333333293));
#2030 = CARTESIAN_POINT('',(10.829713349233,6.178202817392,
    1.746666667292));
#2031 = CARTESIAN_POINT('',(8.887643660348,8.887643655394,1.760000000201
    ));
#2032 = CARTESIAN_POINT('',(6.178202837944,10.82971334018,1.773333333269
    ));
#2033 = CARTESIAN_POINT('',(3.089232724443,11.799999997697,
    1.786666667166));
#2034 = CARTESIAN_POINT('',(7.33489685E-09,11.799999999816,
    1.800000000216));
#2035 = ORIENTED_EDGE('',*,*,#2036,.F.);
#2036 = EDGE_CURVE('',#1231,#2025,#2037,.T.);
#2037 = B_SPLINE_CURVE_WITH_KNOTS('',1,(#2038,#2039),.UNSPECIFIED.,.F.,
  .F.,(2,2),(-0.2,-0.),.PIECEWISE_BEZIER_KNOTS.);
#2038 = CARTESIAN_POINT('',(7.33365159E-09,11.999999999816,
    1.800000000216));
#2039 = CARTESIAN_POINT('',(7.33489685E-09,11.799999999816,
    1.800000000216));
#2040 = B_SPLINE_SURFACE_WITH_KNOTS('',1,6,(
    (#2041,#2042,#2043,#2044,#2045,#2046,#2047)
    ,(#2048,#2049,#2050,#2051,#2052,#2053,#2054
  )),.UNSPECIFIED.,.F.,.F.,.F.,(2,2),(7,7),(-0.2,-0.),(0.,1.571305540076
    ),.PIECEWISE_BEZIER_KNOTS.);
#2041 = CARTESIAN_POINT('',(11.999999999758,-7.49226636E-09,
    1.720000000284));
#2042 = CARTESIAN_POINT('',(12.000000001911,3.141592591738,
    1.733333333293));
#2043 = CARTESIAN_POINT('',(11.013267812022,6.282918117514,
    1.746666667292));
#2044 = CARTESIAN_POINT('',(9.038281690294,9.038281685341,1.7600000002)
  );
#2045 = CARTESIAN_POINT('',(6.282918138064,11.013267802969,
    1.773333333269));
#2046 = CARTESIAN_POINT('',(3.141592602011,11.999999997697,
    1.786666667166));
#2047 = CARTESIAN_POINT('',(7.33365159E-09,11.999999999816,
    1.800000000216));
#2048 = CARTESIAN_POINT('',(11.799999999758,-7.49353646E-09,
    1.720000000284));
#2049 = CARTESIAN_POINT('',(11.800000001911,3.089232714168,
    1.733333333293));
#2050 = CARTESIAN_POINT('',(10.829713349233,6.178202817392,
    1.746666667292));
#2051 = CARTESIAN_POINT('',(8.887643660348,8.887643655394,1.760000000201
    ));
#2052 = CARTESIAN_POINT('',(6.178202837944,10.82971334018,1.773333333269
    ));
#2053 = CARTESIAN_POINT('',(3.089232724443,11.799999997697,
    1.786666667166));
#2054 = CARTESIAN_POINT('',(7.33489685E-09,11.799999999816,
    1.800000000216));
#2055 = ADVANCED_FACE('',(#2056),#2072,.F.);
#2056 = FACE_BOUND('',#2057,.T.);
#2057 = EDGE_LOOP('',(#2058,#2065,#2070,#2071));
#2058 = ORIENTED_EDGE('',*,*,#2059,.F.);
#2059 = EDGE_CURVE('',#2060,#791,#2062,.T.);
#2060 = VERTEX_POINT('',#2061);
#2061 = CARTESIAN_POINT('',(7.334893E-09,11.799999999816,2.000000000216)
  );
#2062 = B_SPLINE_CURVE_WITH_KNOTS('',1,(#2063,#2064),.UNSPECIFIED.,.F.,
  .F.,(2,2),(-0.2,-0.),.PIECEWISE_BEZIER_KNOTS.);
#2063 = CARTESIAN_POINT('',(7.3348933E-09,11.799999999816,2.000000000216
    ));
#2064 = CARTESIAN_POINT('',(7.33365337E-09,11.999999999816,
    2.000000000216));
#2065 = ORIENTED_EDGE('',*,*,#2066,.F.);
#2066 = EDGE_CURVE('',#2025,#2060,#2067,.T.);
#2067 = B_SPLINE_CURVE_WITH_KNOTS('',1,(#2068,#2069),.UNSPECIFIED.,.F.,
  .F.,(2,2),(-0.2,-0.),.PIECEWISE_BEZIER_KNOTS.);
#2068 = CARTESIAN_POINT('',(7.33489685E-09,11.799999999816,
    1.800000000216));
#2069 = CARTESIAN_POINT('',(7.3348933E-09,11.799999999816,2.000000000216
    ));
#2070 = ORIENTED_EDGE('',*,*,#2036,.F.);
#2071 = ORIENTED_EDGE('',*,*,#1242,.T.);
#2072 = PLANE('',#2073);
#2073 = AXIS2_PLACEMENT_3D('',#2074,#2075,#2076);
#2074 = CARTESIAN_POINT('',(7.33426562E-09,11.899999999816,
    1.900000000216));
#2075 = DIRECTION('',(-1.,-6.21772E-12,-9.39E-15));
#2076 = DIRECTION('',(-9.390000001143E-15,1.8385E-13,1.));
#2077 = ADVANCED_FACE('',(#2078),#2099,.F.);
#2078 = FACE_BOUND('',#2079,.F.);
#2079 = EDGE_LOOP('',(#2080,#2092,#2097,#2098));
#2080 = ORIENTED_EDGE('',*,*,#2081,.F.);
#2081 = EDGE_CURVE('',#2082,#2060,#2084,.T.);
#2082 = VERTEX_POINT('',#2083);
#2083 = CARTESIAN_POINT('',(11.799999999758,-7.493576E-09,1.920000000284
    ));
#2084 = B_SPLINE_CURVE_WITH_KNOTS('',6,(#2085,#2086,#2087,#2088,#2089,
    #2090,#2091),.UNSPECIFIED.,.F.,.F.,(7,7),(0.,1.571305540076),
  .PIECEWISE_BEZIER_KNOTS.);
#2085 = CARTESIAN_POINT('',(11.799999999758,-7.49353291E-09,
    1.920000000284));
#2086 = CARTESIAN_POINT('',(11.800000001911,3.089232714168,
    1.933333333294));
#2087 = CARTESIAN_POINT('',(10.829713349233,6.178202817392,
    1.946666667292));
#2088 = CARTESIAN_POINT('',(8.887643660349,8.887643655394,1.960000000201
    ));
#2089 = CARTESIAN_POINT('',(6.178202837944,10.82971334018,1.973333333269
    ));
#2090 = CARTESIAN_POINT('',(3.089232724443,11.799999997697,
    1.986666667166));
#2091 = CARTESIAN_POINT('',(7.3348933E-09,11.799999999816,2.000000000216
    ));
#2092 = ORIENTED_EDGE('',*,*,#2093,.T.);
#2093 = EDGE_CURVE('',#2082,#1250,#2094,.T.);
#2094 = B_SPLINE_CURVE_WITH_KNOTS('',1,(#2095,#2096),.UNSPECIFIED.,.F.,
  .F.,(2,2),(-0.2,-0.),.PIECEWISE_BEZIER_KNOTS.);
#2095 = CARTESIAN_POINT('',(11.799999999758,-7.49421479E-09,
    1.920000000284));
#2096 = CARTESIAN_POINT('',(11.999999999758,-7.49292714E-09,
    1.920000000284));
#2097 = ORIENTED_EDGE('',*,*,#1249,.T.);
#2098 = ORIENTED_EDGE('',*,*,#2059,.F.);
#2099 = B_SPLINE_SURFACE_WITH_KNOTS('',1,6,(
    (#2100,#2101,#2102,#2103,#2104,#2105,#2106)
    ,(#2107,#2108,#2109,#2110,#2111,#2112,#2113
  )),.UNSPECIFIED.,.F.,.F.,.F.,(2,2),(7,7),(-0.2,-0.),(0.,1.571305540076
    ),.PIECEWISE_BEZIER_KNOTS.);
#2100 = CARTESIAN_POINT('',(11.799999999758,-7.49353291E-09,
    1.920000000284));
#2101 = CARTESIAN_POINT('',(11.800000001911,3.089232714168,
    1.933333333294));
#2102 = CARTESIAN_POINT('',(10.829713349233,6.178202817392,
    1.946666667292));
#2103 = CARTESIAN_POINT('',(8.887643660349,8.887643655394,1.960000000201
    ));
#2104 = CARTESIAN_POINT('',(6.178202837944,10.82971334018,1.973333333269
    ));
#2105 = CARTESIAN_POINT('',(3.089232724443,11.799999997697,
    1.986666667166));
#2106 = CARTESIAN_POINT('',(7.3348933E-09,11.799999999816,2.000000000216
    ));
#2107 = CARTESIAN_POINT('',(11.999999999758,-7.49226103E-09,
    1.920000000284));
#2108 = CARTESIAN_POINT('',(12.000000001911,3.141592591738,
    1.933333333293));
#2109 = CARTESIAN_POINT('',(11.013267812022,6.282918117514,
    1.946666667292));
#2110 = CARTESIAN_POINT('',(9.038281690295,9.038281685342,1.960000000201
    ));
#2111 = CARTESIAN_POINT('',(6.282918138064,11.013267802969,
    1.973333333269));
#2112 = CARTESIAN_POINT('',(3.141592602011,11.999999997697,
    1.986666667166));
#2113 = CARTESIAN_POINT('',(7.33365337E-09,11.999999999816,
    2.000000000216));
#2114 = ADVANCED_FACE('',(#2115),#2141,.F.);
#2115 = FACE_BOUND('',#2116,.F.);
#2116 = EDGE_LOOP('',(#2117,#2134,#2139,#2140));
#2117 = ORIENTED_EDGE('',*,*,#2118,.F.);
#2118 = EDGE_CURVE('',#2119,#2082,#2121,.T.);
#2119 = VERTEX_POINT('',#2120);
#2120 = CARTESIAN_POINT('',(11.799999999832,-6.441137E-09,1.600000000198
    ));
#2121 = B_SPLINE_CURVE_WITH_KNOTS('',11,(#2122,#2123,#2124,#2125,#2126,
    #2127,#2128,#2129,#2130,#2131,#2132,#2133),.UNSPECIFIED.,.F.,.F.,(12
    ,12),(0.,6.285222160302),.PIECEWISE_BEZIER_KNOTS.);
#2122 = CARTESIAN_POINT('',(11.799999999831,-6.44103526E-09,
    1.600000000198));
#2123 = CARTESIAN_POINT('',(11.800000003143,6.74014429467,1.629090910245
    ));
#2124 = CARTESIAN_POINT('',(7.56595336374,13.480135375599,1.658181815199
    ));
#2125 = CARTESIAN_POINT('',(-0.910923842248,17.265156610711,
    1.687272735201));
#2126 = CARTESIAN_POINT('',(-11.26672519348,15.12846162389,
    1.716363624715));
#2127 = CARTESIAN_POINT('',(-18.98829583206,6.23899395283,1.745454558671
    ));
#2128 = CARTESIAN_POINT('',(-18.98829582061,-6.238993942696,
    1.774545445249));
#2129 = CARTESIAN_POINT('',(-11.26672522603,-15.12846158153,
    1.80363636858));
#2130 = CARTESIAN_POINT('',(-0.910923855853,-17.2651566347,
    1.832727271787));
#2131 = CARTESIAN_POINT('',(7.56595334448,-13.48013537195,1.861818182137
    ));
#2132 = CARTESIAN_POINT('',(11.799999995564,-6.740144312922,
    1.890909091283));
#2133 = CARTESIAN_POINT('',(11.799999999758,-7.49421479E-09,
    1.920000000284));
#2134 = ORIENTED_EDGE('',*,*,#2135,.T.);
#2135 = EDGE_CURVE('',#2119,#1262,#2136,.T.);
#2136 = B_SPLINE_CURVE_WITH_KNOTS('',1,(#2137,#2138),.UNSPECIFIED.,.F.,
  .F.,(2,2),(-0.2,-0.),.PIECEWISE_BEZIER_KNOTS.);
#2137 = CARTESIAN_POINT('',(11.799999999832,-6.44126031E-09,
    1.600000000198));
#2138 = CARTESIAN_POINT('',(11.999999999832,-6.44016009E-09,
    1.600000000198));
#2139 = ORIENTED_EDGE('',*,*,#1261,.T.);
#2140 = ORIENTED_EDGE('',*,*,#2093,.F.);
#2141 = B_SPLINE_SURFACE_WITH_KNOTS('',1,11,(
    (#2142,#2143,#2144,#2145,#2146,#2147,#2148,#2149,#2150,#2151,#2152
      ,#2153)
    ,(#2154,#2155,#2156,#2157,#2158,#2159,#2160,#2161,#2162,#2163,#2164
      ,#2165
    )),.UNSPECIFIED.,.F.,.F.,.F.,(2,2),(12,12),(-0.2,-0.),(0.,
    6.285222160302),.PIECEWISE_BEZIER_KNOTS.);
#2142 = CARTESIAN_POINT('',(11.799999999831,-6.44103526E-09,
    1.600000000198));
#2143 = CARTESIAN_POINT('',(11.800000003143,6.74014429467,1.629090910245
    ));
#2144 = CARTESIAN_POINT('',(7.56595336374,13.480135375599,1.658181815199
    ));
#2145 = CARTESIAN_POINT('',(-0.910923842248,17.265156610711,
    1.687272735201));
#2146 = CARTESIAN_POINT('',(-11.26672519348,15.12846162389,
    1.716363624715));
#2147 = CARTESIAN_POINT('',(-18.98829583206,6.23899395283,1.745454558671
    ));
#2148 = CARTESIAN_POINT('',(-18.98829582061,-6.238993942696,
    1.774545445249));
#2149 = CARTESIAN_POINT('',(-11.26672522603,-15.12846158153,
    1.80363636858));
#2150 = CARTESIAN_POINT('',(-0.910923855853,-17.2651566347,
    1.832727271787));
#2151 = CARTESIAN_POINT('',(7.56595334448,-13.48013537195,1.861818182137
    ));
#2152 = CARTESIAN_POINT('',(11.799999995564,-6.740144312922,
    1.890909091283));
#2153 = CARTESIAN_POINT('',(11.799999999758,-7.49421479E-09,
    1.920000000284));
#2154 = CARTESIAN_POINT('',(11.999999999832,-6.4399467E-09,
    1.600000000198));
#2155 = CARTESIAN_POINT('',(12.000000003143,6.854384027518,
    1.629090910245));
#2156 = CARTESIAN_POINT('',(7.69418986123,13.708612252447,1.6581818152)
  );
#2157 = CARTESIAN_POINT('',(-0.926363229407,17.557786366121,1.6872727352
    ));
#2158 = CARTESIAN_POINT('',(-11.45768663789,15.384876261918,
    1.716363624711));
#2159 = CARTESIAN_POINT('',(-19.31013135446,6.344739565462,
    1.745454558681));
#2160 = CARTESIAN_POINT('',(-19.310131343,-6.344739555324,1.774545445237
    ));
#2161 = CARTESIAN_POINT('',(-11.45768667045,-15.38487621958,
    1.803636368589));
#2162 = CARTESIAN_POINT('',(-0.926363243004,-17.5577863901,
    1.832727271781));
#2163 = CARTESIAN_POINT('',(7.694189841971,-13.7086122488,1.861818182139
    ));
#2164 = CARTESIAN_POINT('',(11.999999995565,-6.854384045767,
    1.890909091283));
#2165 = CARTESIAN_POINT('',(11.999999999758,-7.49292714E-09,
    1.920000000284));
#2166 = ADVANCED_FACE('',(#2167),#2193,.F.);
#2167 = FACE_BOUND('',#2168,.F.);
#2168 = EDGE_LOOP('',(#2169,#2186,#2191,#2192));
#2169 = ORIENTED_EDGE('',*,*,#2170,.F.);
#2170 = EDGE_CURVE('',#2171,#2119,#2173,.T.);
#2171 = VERTEX_POINT('',#2172);
#2172 = CARTESIAN_POINT('',(11.799999999915,-5.555512E-09,1.2800000001)
  );
#2173 = B_SPLINE_CURVE_WITH_KNOTS('',11,(#2174,#2175,#2176,#2177,#2178,
    #2179,#2180,#2181,#2182,#2183,#2184,#2185),.UNSPECIFIED.,.F.,.F.,(12
    ,12),(0.,6.285222160302),.PIECEWISE_BEZIER_KNOTS.);
#2174 = CARTESIAN_POINT('',(11.799999999915,-5.55564807E-09,1.2800000001
    ));
#2175 = CARTESIAN_POINT('',(11.800000002656,6.740144297024,
    1.309090910148));
#2176 = CARTESIAN_POINT('',(7.565953362651,13.480135370899,
    1.338181815093));
#2177 = CARTESIAN_POINT('',(-0.910923843774,17.265156624139,
    1.367272735221));
#2178 = CARTESIAN_POINT('',(-11.26672519449,15.128461600978,
    1.396363624234));
#2179 = CARTESIAN_POINT('',(-18.98829583362,6.238993976478,
    1.425454559329));
#2180 = CARTESIAN_POINT('',(-18.98829581884,-6.238993964327,
    1.45454544417));
#2181 = CARTESIAN_POINT('',(-11.2667252261,-15.12846157174,
    1.483636369395));
#2182 = CARTESIAN_POINT('',(-0.910923853657,-17.2651566388,
    1.512727271097));
#2183 = CARTESIAN_POINT('',(7.565953345394,-13.4801353705,1.541818182304
    ));
#2184 = CARTESIAN_POINT('',(11.799999996274,-6.740144312144,
    1.570909091118));
#2185 = CARTESIAN_POINT('',(11.799999999832,-6.44126031E-09,
    1.600000000198));
#2186 = ORIENTED_EDGE('',*,*,#2187,.T.);
#2187 = EDGE_CURVE('',#2171,#1279,#2188,.T.);
#2188 = B_SPLINE_CURVE_WITH_KNOTS('',1,(#2189,#2190),.UNSPECIFIED.,.F.,
  .F.,(2,2),(-0.2,-0.),.PIECEWISE_BEZIER_KNOTS.);
#2189 = CARTESIAN_POINT('',(11.799999999914,-5.55541669E-09,1.2800000001
    ));
#2190 = CARTESIAN_POINT('',(11.999999999915,-5.55445965E-09,1.2800000001
    ));
#2191 = ORIENTED_EDGE('',*,*,#1278,.T.);
#2192 = ORIENTED_EDGE('',*,*,#2135,.F.);
#2193 = B_SPLINE_SURFACE_WITH_KNOTS('',1,11,(
    (#2194,#2195,#2196,#2197,#2198,#2199,#2200,#2201,#2202,#2203,#2204
      ,#2205)
    ,(#2206,#2207,#2208,#2209,#2210,#2211,#2212,#2213,#2214,#2215,#2216
      ,#2217
    )),.UNSPECIFIED.,.F.,.F.,.F.,(2,2),(12,12),(-0.2,-0.),(0.,
    6.285222160302),.PIECEWISE_BEZIER_KNOTS.);
#2194 = CARTESIAN_POINT('',(11.799999999915,-5.55564807E-09,1.2800000001
    ));
#2195 = CARTESIAN_POINT('',(11.800000002656,6.740144297024,
    1.309090910148));
#2196 = CARTESIAN_POINT('',(7.565953362651,13.480135370899,
    1.338181815093));
#2197 = CARTESIAN_POINT('',(-0.910923843774,17.265156624139,
    1.367272735221));
#2198 = CARTESIAN_POINT('',(-11.26672519449,15.128461600978,
    1.396363624234));
#2199 = CARTESIAN_POINT('',(-18.98829583362,6.238993976478,
    1.425454559329));
#2200 = CARTESIAN_POINT('',(-18.98829581884,-6.238993964327,
    1.45454544417));
#2201 = CARTESIAN_POINT('',(-11.2667252261,-15.12846157174,
    1.483636369395));
#2202 = CARTESIAN_POINT('',(-0.910923853657,-17.2651566388,
    1.512727271097));
#2203 = CARTESIAN_POINT('',(7.565953345394,-13.4801353705,1.541818182304
    ));
#2204 = CARTESIAN_POINT('',(11.799999996274,-6.740144312144,
    1.570909091118));
#2205 = CARTESIAN_POINT('',(11.799999999832,-6.44126031E-09,
    1.600000000198));
#2206 = CARTESIAN_POINT('',(11.999999999915,-5.55469721E-09,1.2800000001
    ));
#2207 = CARTESIAN_POINT('',(12.000000002656,6.854384029872,
    1.309090910148));
#2208 = CARTESIAN_POINT('',(7.694189860138,13.708612247752,
    1.338181815094));
#2209 = CARTESIAN_POINT('',(-0.926363230923,17.557786379522,
    1.367272735219));
#2210 = CARTESIAN_POINT('',(-11.45768663893,15.384876239063,
    1.396363624237));
#2211 = CARTESIAN_POINT('',(-19.31013135598,6.344739589036,
    1.425454559324));
#2212 = CARTESIAN_POINT('',(-19.31013134126,-6.344739576893,
    1.454545444175));
#2213 = CARTESIAN_POINT('',(-11.4576866705,-15.38487620982,
    1.483636369391));
#2214 = CARTESIAN_POINT('',(-0.926363240816,-17.55778639419,
    1.512727271099));
#2215 = CARTESIAN_POINT('',(7.694189842887,-13.70861224735,
    1.541818182303));
#2216 = CARTESIAN_POINT('',(11.999999996275,-6.854384044989,
    1.570909091118));
#2217 = CARTESIAN_POINT('',(11.999999999832,-6.44016009E-09,
    1.600000000198));
#2218 = ADVANCED_FACE('',(#2219),#2245,.F.);
#2219 = FACE_BOUND('',#2220,.F.);
#2220 = EDGE_LOOP('',(#2221,#2238,#2243,#2244));
#2221 = ORIENTED_EDGE('',*,*,#2222,.F.);
#2222 = EDGE_CURVE('',#2223,#2171,#2225,.T.);
#2223 = VERTEX_POINT('',#2224);
#2224 = CARTESIAN_POINT('',(11.799999999935,-3.91017E-09,0.960000000076)
  );
#2225 = B_SPLINE_CURVE_WITH_KNOTS('',11,(#2226,#2227,#2228,#2229,#2230,
    #2231,#2232,#2233,#2234,#2235,#2236,#2237),.UNSPECIFIED.,.F.,.F.,(12
    ,12),(0.,6.285222160302),.PIECEWISE_BEZIER_KNOTS.);
#2226 = CARTESIAN_POINT('',(11.799999999935,-3.91017743E-09,
    0.960000000076));
#2227 = CARTESIAN_POINT('',(11.800000002229,6.740144295007,
    0.989090909713));
#2228 = CARTESIAN_POINT('',(7.565953359781,13.480135389345,
    1.018181816533));
#2229 = CARTESIAN_POINT('',(-0.910923842362,17.265156570962,
    1.04727273122));
#2230 = CARTESIAN_POINT('',(-11.26672520258,15.1284617093,1.0763636313)
  );
#2231 = CARTESIAN_POINT('',(-18.98829582647,6.238993812864,1.10545454989
    ));
#2232 = CARTESIAN_POINT('',(-18.98829582562,-6.238993792735,
    1.134545453164));
#2233 = CARTESIAN_POINT('',(-11.26672521917,-15.12846171075,
    1.163636362871));
#2234 = CARTESIAN_POINT('',(-0.910923854324,-17.26515656067,
    1.192727274366));
#2235 = CARTESIAN_POINT('',(7.565953348027,-13.48013540004,
    1.221818181036));
#2236 = CARTESIAN_POINT('',(11.799999996901,-6.740144303766,
    1.250909091323));
#2237 = CARTESIAN_POINT('',(11.799999999914,-5.55541669E-09,1.2800000001
    ));
#2238 = ORIENTED_EDGE('',*,*,#2239,.T.);
#2239 = EDGE_CURVE('',#2223,#1296,#2240,.T.);
#2240 = B_SPLINE_CURVE_WITH_KNOTS('',1,(#2241,#2242),.UNSPECIFIED.,.F.,
  .F.,(2,2),(-0.2,-0.),.PIECEWISE_BEZIER_KNOTS.);
#2241 = CARTESIAN_POINT('',(11.799999999935,-3.90996074E-09,
    0.960000000076));
#2242 = CARTESIAN_POINT('',(11.999999999935,-3.90929085E-09,
    0.960000000076));
#2243 = ORIENTED_EDGE('',*,*,#1295,.T.);
#2244 = ORIENTED_EDGE('',*,*,#2187,.F.);
#2245 = B_SPLINE_SURFACE_WITH_KNOTS('',1,11,(
    (#2246,#2247,#2248,#2249,#2250,#2251,#2252,#2253,#2254,#2255,#2256
      ,#2257)
    ,(#2258,#2259,#2260,#2261,#2262,#2263,#2264,#2265,#2266,#2267,#2268
      ,#2269
    )),.UNSPECIFIED.,.F.,.F.,.F.,(2,2),(12,12),(-0.2,-0.),(0.,
    6.285222160302),.PIECEWISE_BEZIER_KNOTS.);
#2246 = CARTESIAN_POINT('',(11.799999999935,-3.91017743E-09,
    0.960000000076));
#2247 = CARTESIAN_POINT('',(11.800000002229,6.740144295007,
    0.989090909713));
#2248 = CARTESIAN_POINT('',(7.565953359781,13.480135389345,
    1.018181816533));
#2249 = CARTESIAN_POINT('',(-0.910923842362,17.265156570962,
    1.04727273122));
#2250 = CARTESIAN_POINT('',(-11.26672520258,15.1284617093,1.0763636313)
  );
#2251 = CARTESIAN_POINT('',(-18.98829582647,6.238993812864,1.10545454989
    ));
#2252 = CARTESIAN_POINT('',(-18.98829582562,-6.238993792735,
    1.134545453164));
#2253 = CARTESIAN_POINT('',(-11.26672521917,-15.12846171075,
    1.163636362871));
#2254 = CARTESIAN_POINT('',(-0.910923854324,-17.26515656067,
    1.192727274366));
#2255 = CARTESIAN_POINT('',(7.565953348027,-13.48013540004,
    1.221818181036));
#2256 = CARTESIAN_POINT('',(11.799999996901,-6.740144303766,
    1.250909091323));
#2257 = CARTESIAN_POINT('',(11.799999999914,-5.55541669E-09,1.2800000001
    ));
#2258 = CARTESIAN_POINT('',(11.999999999935,-3.90951895E-09,
    0.960000000076));
#2259 = CARTESIAN_POINT('',(12.000000002229,6.854384027855,
    0.989090909713));
#2260 = CARTESIAN_POINT('',(7.69418985727,13.708612266195,1.018181816533
    ));
#2261 = CARTESIAN_POINT('',(-0.926363229521,17.557786326358,
    1.047272731219));
#2262 = CARTESIAN_POINT('',(-11.45768664699,15.384876347356,
    1.076363631302));
#2263 = CARTESIAN_POINT('',(-19.31013134887,6.344739425469,
    1.105454549888));
#2264 = CARTESIAN_POINT('',(-19.310131348,-6.344739405349,1.134545453164
    ));
#2265 = CARTESIAN_POINT('',(-11.45768666359,-15.38487634879,
    1.163636362871));
#2266 = CARTESIAN_POINT('',(-0.926363241482,-17.55778631607,
    1.192727274366));
#2267 = CARTESIAN_POINT('',(7.694189845521,-13.70861227689,
    1.221818181036));
#2268 = CARTESIAN_POINT('',(11.999999996901,-6.854384036613,
    1.250909091323));
#2269 = CARTESIAN_POINT('',(11.999999999915,-5.55445965E-09,1.2800000001
    ));
#2270 = ADVANCED_FACE('',(#2271),#2297,.F.);
#2271 = FACE_BOUND('',#2272,.F.);
#2272 = EDGE_LOOP('',(#2273,#2290,#2295,#2296));
#2273 = ORIENTED_EDGE('',*,*,#2274,.F.);
#2274 = EDGE_CURVE('',#2275,#2223,#2277,.T.);
#2275 = VERTEX_POINT('',#2276);
#2276 = CARTESIAN_POINT('',(11.799999999974,-2.316402E-09,0.64000000003)
  );
#2277 = B_SPLINE_CURVE_WITH_KNOTS('',11,(#2278,#2279,#2280,#2281,#2282,
    #2283,#2284,#2285,#2286,#2287,#2288,#2289),.UNSPECIFIED.,.F.,.F.,(12
    ,12),(0.,6.285222160302),.PIECEWISE_BEZIER_KNOTS.);
#2278 = CARTESIAN_POINT('',(11.799999999975,-2.31652715E-09,
    0.64000000003));
#2279 = CARTESIAN_POINT('',(11.800000001336,6.74014430017,0.66909090957)
  );
#2280 = CARTESIAN_POINT('',(7.565953357608,13.480135376874,
    0.698181816709));
#2281 = CARTESIAN_POINT('',(-0.910923844937,17.265156601683,
    0.727272731024));
#2282 = CARTESIAN_POINT('',(-11.26672520413,15.128461663773,
    0.756363630541));
#2283 = CARTESIAN_POINT('',(-18.98829582955,6.238993849863,
    0.785454552154));
#2284 = CARTESIAN_POINT('',(-18.98829582173,-6.238993815477,
    0.814545449408));
#2285 = CARTESIAN_POINT('',(-11.26672521992,-15.12846171268,
    0.843636366534));
#2286 = CARTESIAN_POINT('',(-0.910923849717,-17.26515655297,
    0.872727271821));
#2287 = CARTESIAN_POINT('',(7.565953349172,-13.48013540457,
    0.901818182078));
#2288 = CARTESIAN_POINT('',(11.799999998208,-6.740144300262,
    0.930909090978));
#2289 = CARTESIAN_POINT('',(11.799999999935,-3.90996074E-09,
    0.960000000076));
#2290 = ORIENTED_EDGE('',*,*,#2291,.T.);
#2291 = EDGE_CURVE('',#2275,#1313,#2292,.T.);
#2292 = B_SPLINE_CURVE_WITH_KNOTS('',1,(#2293,#2294),.UNSPECIFIED.,.F.,
  .F.,(2,2),(-0.2,-0.),.PIECEWISE_BEZIER_KNOTS.);
#2293 = CARTESIAN_POINT('',(11.799999999974,-2.31613041E-09,
    0.64000000003));
#2294 = CARTESIAN_POINT('',(11.999999999974,-2.31572566E-09,
    0.64000000003));
#2295 = ORIENTED_EDGE('',*,*,#1312,.T.);
#2296 = ORIENTED_EDGE('',*,*,#2239,.F.);
#2297 = B_SPLINE_SURFACE_WITH_KNOTS('',1,11,(
    (#2298,#2299,#2300,#2301,#2302,#2303,#2304,#2305,#2306,#2307,#2308
      ,#2309)
    ,(#2310,#2311,#2312,#2313,#2314,#2315,#2316,#2317,#2318,#2319,#2320
      ,#2321
    )),.UNSPECIFIED.,.F.,.F.,.F.,(2,2),(12,12),(-0.2,-0.),(0.,
    6.285222160302),.PIECEWISE_BEZIER_KNOTS.);
#2298 = CARTESIAN_POINT('',(11.799999999975,-2.31652715E-09,
    0.64000000003));
#2299 = CARTESIAN_POINT('',(11.800000001336,6.74014430017,0.66909090957)
  );
#2300 = CARTESIAN_POINT('',(7.565953357608,13.480135376874,
    0.698181816709));
#2301 = CARTESIAN_POINT('',(-0.910923844937,17.265156601683,
    0.727272731024));
#2302 = CARTESIAN_POINT('',(-11.26672520413,15.128461663773,
    0.756363630541));
#2303 = CARTESIAN_POINT('',(-18.98829582955,6.238993849863,
    0.785454552154));
#2304 = CARTESIAN_POINT('',(-18.98829582173,-6.238993815477,
    0.814545449408));
#2305 = CARTESIAN_POINT('',(-11.26672521992,-15.12846171268,
    0.843636366534));
#2306 = CARTESIAN_POINT('',(-0.910923849717,-17.26515655297,
    0.872727271821));
#2307 = CARTESIAN_POINT('',(7.565953349172,-13.48013540457,
    0.901818182078));
#2308 = CARTESIAN_POINT('',(11.799999998208,-6.740144300262,
    0.930909090978));
#2309 = CARTESIAN_POINT('',(11.799999999935,-3.90996074E-09,
    0.960000000076));
#2310 = CARTESIAN_POINT('',(11.999999999975,-2.31612741E-09,
    0.64000000003));
#2311 = CARTESIAN_POINT('',(12.000000001336,6.854384033018,
    0.669090909569));
#2312 = CARTESIAN_POINT('',(7.694189855095,13.708612253723,
    0.698181816709));
#2313 = CARTESIAN_POINT('',(-0.926363232086,17.557786357083,
    0.727272731023));
#2314 = CARTESIAN_POINT('',(-11.45768664856,15.38487630182,
    0.756363630546));
#2315 = CARTESIAN_POINT('',(-19.31013135193,6.344739462479,
    0.785454552143));
#2316 = CARTESIAN_POINT('',(-19.31013134413,-6.344739428101,
    0.814545449424));
#2317 = CARTESIAN_POINT('',(-11.45768666432,-15.38487635072,
    0.843636366521));
#2318 = CARTESIAN_POINT('',(-0.926363236874,-17.55778630838,
    0.872727271826));
#2319 = CARTESIAN_POINT('',(7.694189846664,-13.70861228142,
    0.901818182077));
#2320 = CARTESIAN_POINT('',(11.999999998208,-6.85438403311,
    0.930909090978));
#2321 = CARTESIAN_POINT('',(11.999999999935,-3.90929085E-09,
    0.960000000076));
#2322 = ADVANCED_FACE('',(#2323),#2349,.F.);
#2323 = FACE_BOUND('',#2324,.F.);
#2324 = EDGE_LOOP('',(#2325,#2342,#2347,#2348));
#2325 = ORIENTED_EDGE('',*,*,#2326,.F.);
#2326 = EDGE_CURVE('',#2327,#2275,#2329,.T.);
#2327 = VERTEX_POINT('',#2328);
#2328 = CARTESIAN_POINT('',(11.799999999997,-1.057204E-09,0.320000000003
    ));
#2329 = B_SPLINE_CURVE_WITH_KNOTS('',11,(#2330,#2331,#2332,#2333,#2334,
    #2335,#2336,#2337,#2338,#2339,#2340,#2341),.UNSPECIFIED.,.F.,.F.,(12
    ,12),(0.,6.285222160302),.PIECEWISE_BEZIER_KNOTS.);
#2330 = CARTESIAN_POINT('',(11.799999999997,-1.05709955E-09,
    0.320000000003));
#2331 = CARTESIAN_POINT('',(11.800000001143,6.740144293116,
    0.349090909262));
#2332 = CARTESIAN_POINT('',(7.565953355925,13.480135406038,0.37818181757
    ));
#2333 = CARTESIAN_POINT('',(-0.910923844237,17.265156548706,
    0.407272728928));
#2334 = CARTESIAN_POINT('',(-11.2667252082,15.128461711634,
    0.436363633453));
#2335 = CARTESIAN_POINT('',(-18.98829582676,6.238993853111,
    0.465454549242));
#2336 = CARTESIAN_POINT('',(-18.98829582371,-6.238993891759,
    0.494545451023));
#2337 = CARTESIAN_POINT('',(-11.26672521808,-15.12846160582,
    0.523636366099));
#2338 = CARTESIAN_POINT('',(-0.910923848516,-17.26515663822,
    0.552727271525));
#2339 = CARTESIAN_POINT('',(7.56595334994,-13.48013536329,0.581818182263
    ));
#2340 = CARTESIAN_POINT('',(11.799999998783,-6.740144310336,
    0.610909090833));
#2341 = CARTESIAN_POINT('',(11.799999999974,-2.31613041E-09,
    0.64000000003));
#2342 = ORIENTED_EDGE('',*,*,#2343,.T.);
#2343 = EDGE_CURVE('',#2327,#1330,#2344,.T.);
#2344 = B_SPLINE_CURVE_WITH_KNOTS('',1,(#2345,#2346),.UNSPECIFIED.,.F.,
  .F.,(2,2),(-0.2,-0.),.PIECEWISE_BEZIER_KNOTS.);
#2345 = CARTESIAN_POINT('',(11.799999999997,-1.05721093E-09,
    0.320000000003));
#2346 = CARTESIAN_POINT('',(11.999999999997,-1.05703996E-09,
    0.320000000003));
#2347 = ORIENTED_EDGE('',*,*,#1329,.T.);
#2348 = ORIENTED_EDGE('',*,*,#2291,.F.);
#2349 = B_SPLINE_SURFACE_WITH_KNOTS('',1,11,(
    (#2350,#2351,#2352,#2353,#2354,#2355,#2356,#2357,#2358,#2359,#2360
      ,#2361)
    ,(#2362,#2363,#2364,#2365,#2366,#2367,#2368,#2369,#2370,#2371,#2372
      ,#2373
    )),.UNSPECIFIED.,.F.,.F.,.F.,(2,2),(12,12),(-0.2,-0.),(0.,
    6.285222160302),.PIECEWISE_BEZIER_KNOTS.);
#2350 = CARTESIAN_POINT('',(11.799999999997,-1.05709955E-09,
    0.320000000003));
#2351 = CARTESIAN_POINT('',(11.800000001143,6.740144293116,
    0.349090909262));
#2352 = CARTESIAN_POINT('',(7.565953355925,13.480135406038,0.37818181757
    ));
#2353 = CARTESIAN_POINT('',(-0.910923844237,17.265156548706,
    0.407272728928));
#2354 = CARTESIAN_POINT('',(-11.2667252082,15.128461711634,
    0.436363633453));
#2355 = CARTESIAN_POINT('',(-18.98829582676,6.238993853111,
    0.465454549242));
#2356 = CARTESIAN_POINT('',(-18.98829582371,-6.238993891759,
    0.494545451023));
#2357 = CARTESIAN_POINT('',(-11.26672521808,-15.12846160582,
    0.523636366099));
#2358 = CARTESIAN_POINT('',(-0.910923848516,-17.26515663822,
    0.552727271525));
#2359 = CARTESIAN_POINT('',(7.56595334994,-13.48013536329,0.581818182263
    ));
#2360 = CARTESIAN_POINT('',(11.799999998783,-6.740144310336,
    0.610909090833));
#2361 = CARTESIAN_POINT('',(11.799999999974,-2.31613041E-09,
    0.64000000003));
#2362 = CARTESIAN_POINT('',(11.999999999997,-1.05692231E-09,
    0.320000000003));
#2363 = CARTESIAN_POINT('',(12.000000001143,6.854384025964,
    0.349090909262));
#2364 = CARTESIAN_POINT('',(7.694189853417,13.708612282883,0.37818181757
    ));
#2365 = CARTESIAN_POINT('',(-0.926363231399,17.557786304111,
    0.407272728929));
#2366 = CARTESIAN_POINT('',(-11.4576866526,15.384876349689,
    0.436363633451));
#2367 = CARTESIAN_POINT('',(-19.31013134917,6.344739465698,
    0.465454549243));
#2368 = CARTESIAN_POINT('',(-19.31013134609,-6.344739504335,
    0.494545451024));
#2369 = CARTESIAN_POINT('',(-11.45768666251,-15.3848762439,
    0.523636366098));
#2370 = CARTESIAN_POINT('',(-0.926363235665,-17.55778639361,
    0.552727271526));
#2371 = CARTESIAN_POINT('',(7.694189847429,-13.70861224014,
    0.581818182263));
#2372 = CARTESIAN_POINT('',(11.999999998784,-6.854384043182,
    0.610909090833));
#2373 = CARTESIAN_POINT('',(11.999999999974,-2.31572566E-09,
    0.64000000003));
#2374 = ADVANCED_FACE('',(#2375),#2401,.F.);
#2375 = FACE_BOUND('',#2376,.F.);
#2376 = EDGE_LOOP('',(#2377,#2394,#2399,#2400));
#2377 = ORIENTED_EDGE('',*,*,#2378,.F.);
#2378 = EDGE_CURVE('',#2379,#2327,#2381,.T.);
#2379 = VERTEX_POINT('',#2380);
#2380 = CARTESIAN_POINT('',(11.8,4.E-15,0.));
#2381 = B_SPLINE_CURVE_WITH_KNOTS('',11,(#2382,#2383,#2384,#2385,#2386,
    #2387,#2388,#2389,#2390,#2391,#2392,#2393),.UNSPECIFIED.,.F.,.F.,(12
    ,12),(0.,6.285222160302),.PIECEWISE_BEZIER_KNOTS.);
#2382 = CARTESIAN_POINT('',(11.8,4.48E-15,-6.E-17));
#2383 = CARTESIAN_POINT('',(11.800000000452,6.74014430132,
    2.909090908928E-02));
#2384 = CARTESIAN_POINT('',(7.565953353807,13.48013537966,
    5.818181817061E-02));
#2385 = CARTESIAN_POINT('',(-0.910923845389,17.265156611197,
    8.727272731226E-02));
#2386 = CARTESIAN_POINT('',(-11.26672521161,15.128461617763,
    0.116363636267));
#2387 = CARTESIAN_POINT('',(-18.98829582564,6.238993941764,
    0.145454545606));
#2388 = CARTESIAN_POINT('',(-18.98829582507,-6.238993950991,
    0.174545454364));
#2389 = CARTESIAN_POINT('',(-11.26672521451,-15.12846159064,
    0.203636363797));
#2390 = CARTESIAN_POINT('',(-0.910923847308,-17.26515663364,
    0.232727272616));
#2391 = CARTESIAN_POINT('',(7.565953351939,-13.48013536896,
    0.261818181872));
#2392 = CARTESIAN_POINT('',(11.799999999573,-6.740144306451,
    0.290909090889));
#2393 = CARTESIAN_POINT('',(11.799999999997,-1.05721093E-09,
    0.320000000003));
#2394 = ORIENTED_EDGE('',*,*,#2395,.T.);
#2395 = EDGE_CURVE('',#2379,#1347,#2396,.T.);
#2396 = B_SPLINE_CURVE_WITH_KNOTS('',1,(#2397,#2398),.UNSPECIFIED.,.F.,
  .F.,(2,2),(-0.2,-0.),.PIECEWISE_BEZIER_KNOTS.);
#2397 = CARTESIAN_POINT('',(11.8,4.48E-15,-6.E-17));
#2398 = CARTESIAN_POINT('',(12.,1.189E-14,-3.E-17));
#2399 = ORIENTED_EDGE('',*,*,#1346,.T.);
#2400 = ORIENTED_EDGE('',*,*,#2343,.F.);
#2401 = B_SPLINE_SURFACE_WITH_KNOTS('',1,11,(
    (#2402,#2403,#2404,#2405,#2406,#2407,#2408,#2409,#2410,#2411,#2412
      ,#2413)
    ,(#2414,#2415,#2416,#2417,#2418,#2419,#2420,#2421,#2422,#2423,#2424
      ,#2425
    )),.UNSPECIFIED.,.F.,.F.,.F.,(2,2),(12,12),(-0.2,-0.),(0.,
    6.285222160302),.PIECEWISE_BEZIER_KNOTS.);
#2402 = CARTESIAN_POINT('',(11.8,4.48E-15,-6.E-17));
#2403 = CARTESIAN_POINT('',(11.800000000452,6.74014430132,
    2.909090908928E-02));
#2404 = CARTESIAN_POINT('',(7.565953353807,13.48013537966,
    5.818181817061E-02));
#2405 = CARTESIAN_POINT('',(-0.910923845389,17.265156611197,
    8.727272731226E-02));
#2406 = CARTESIAN_POINT('',(-11.26672521161,15.128461617763,
    0.116363636267));
#2407 = CARTESIAN_POINT('',(-18.98829582564,6.238993941764,
    0.145454545606));
#2408 = CARTESIAN_POINT('',(-18.98829582507,-6.238993950991,
    0.174545454364));
#2409 = CARTESIAN_POINT('',(-11.26672521451,-15.12846159064,
    0.203636363797));
#2410 = CARTESIAN_POINT('',(-0.910923847308,-17.26515663364,
    0.232727272616));
#2411 = CARTESIAN_POINT('',(7.565953351939,-13.48013536896,
    0.261818181872));
#2412 = CARTESIAN_POINT('',(11.799999999573,-6.740144306451,
    0.290909090889));
#2413 = CARTESIAN_POINT('',(11.799999999997,-1.05721093E-09,
    0.320000000003));
#2414 = CARTESIAN_POINT('',(12.,1.189E-14,-3.E-17));
#2415 = CARTESIAN_POINT('',(12.000000000452,6.854384034168,
    2.909090908928E-02));
#2416 = CARTESIAN_POINT('',(7.694189851297,13.708612256507,
    5.81818181706E-02));
#2417 = CARTESIAN_POINT('',(-0.926363232541,17.557786366609,
    8.727272731227E-02));
#2418 = CARTESIAN_POINT('',(-11.45768665604,15.384876255787,
    0.116363636267));
#2419 = CARTESIAN_POINT('',(-19.310131348,6.344739554402,0.145454545606)
  );
#2420 = CARTESIAN_POINT('',(-19.3101313475,-6.344739563621,
    0.174545454364));
#2421 = CARTESIAN_POINT('',(-11.4576866589,-15.38487622868,
    0.203636363797));
#2422 = CARTESIAN_POINT('',(-0.926363234475,-17.55778638904,
    0.232727272616));
#2423 = CARTESIAN_POINT('',(7.694189849432,-13.70861224581,
    0.261818181872));
#2424 = CARTESIAN_POINT('',(11.999999999573,-6.854384039298,
    0.290909090889));
#2425 = CARTESIAN_POINT('',(11.999999999997,-1.05703996E-09,
    0.320000000003));
#2426 = ADVANCED_FACE('',(#2427,#2493),#2496,.T.);
#2427 = FACE_BOUND('',#2428,.F.);
#2428 = EDGE_LOOP('',(#2429,#2430,#2431,#2492));
#2429 = ORIENTED_EDGE('',*,*,#1363,.F.);
#2430 = ORIENTED_EDGE('',*,*,#2395,.F.);
#2431 = ORIENTED_EDGE('',*,*,#2432,.T.);
#2432 = EDGE_CURVE('',#2379,#1703,#2433,.T.);
#2433 = B_SPLINE_CURVE_WITH_KNOTS('',8,(#2434,#2435,#2436,#2437,#2438,
    #2439,#2440,#2441,#2442,#2443,#2444,#2445,#2446,#2447,#2448,#2449,
    #2450,#2451,#2452,#2453,#2454,#2455,#2456,#2457,#2458,#2459,#2460,
    #2461,#2462,#2463,#2464,#2465,#2466,#2467,#2468,#2469,#2470,#2471,
    #2472,#2473,#2474,#2475,#2476,#2477,#2478,#2479,#2480,#2481,#2482,
    #2483,#2484,#2485,#2486,#2487,#2488,#2489,#2490,#2491),
  .UNSPECIFIED.,.F.,.F.,(9,7,7,7,7,7,7,7,9),(0.,6.102260996333E-02,
    0.104038759218,0.133049760263,0.237087081979,0.499003306591,
    0.758925914139,0.840956127735,1.),.UNSPECIFIED.);
#2434 = CARTESIAN_POINT('',(11.8,7.11E-15,0.));
#2435 = CARTESIAN_POINT('',(11.800000000024,0.353329568251,0.));
#2436 = CARTESIAN_POINT('',(11.787911257111,0.706661198178,0.));
#2437 = CARTESIAN_POINT('',(11.763732453744,1.059509351444,0.));
#2438 = CARTESIAN_POINT('',(11.727485755574,1.411391092868,0.));
#2439 = CARTESIAN_POINT('',(11.679216711917,1.761826146136,0.));
#2440 = CARTESIAN_POINT('',(11.618994156262,2.110336949523,0.));
#2441 = CARTESIAN_POINT('',(11.54691010677,2.456448711603,0.));
#2442 = CARTESIAN_POINT('',(11.403985787952,3.041647252327,0.));
#2443 = CARTESIAN_POINT('',(11.339054666,3.282179766463,0.));
#2444 = CARTESIAN_POINT('',(11.268326583589,3.521122221104,0.));
#2445 = CARTESIAN_POINT('',(11.191847250283,3.758311653478,0.));
#2446 = CARTESIAN_POINT('',(11.109667802542,3.993586926323,0.));
#2447 = CARTESIAN_POINT('',(11.021844803726,4.226788727886,0.));
#2448 = CARTESIAN_POINT('',(10.928440244089,4.457759571922,0.));
#2449 = CARTESIAN_POINT('',(10.762808674697,4.840505835158,0.));
#2450 = CARTESIAN_POINT('',(10.693587649668,4.993582534155,0.));
#2451 = CARTESIAN_POINT('',(10.621879114687,5.145526228962,0.));
#2452 = CARTESIAN_POINT('',(10.547704773505,5.296289784632,0.));
#2453 = CARTESIAN_POINT('',(10.471087384636,5.445826596992,0.));
#2454 = CARTESIAN_POINT('',(10.392050761357,5.594090592647,0.));
#2455 = CARTESIAN_POINT('',(10.310619771707,5.741036228979,0.));
#2456 = CARTESIAN_POINT('',(9.92630438664,6.408695927244,0.));
#2457 = CARTESIAN_POINT('',(9.595314552699,6.913265703693,0.));
#2458 = CARTESIAN_POINT('',(9.235061182383,7.398214790851,0.));
#2459 = CARTESIAN_POINT('',(8.846914718836,7.861569782297,0.));
#2460 = CARTESIAN_POINT('',(8.432390550238,8.301484770238,0.));
#2461 = CARTESIAN_POINT('',(7.993143559017,8.716237831238,0.));
#2462 = CARTESIAN_POINT('',(7.530972372662,9.104236125299,0.));
#2463 = CARTESIAN_POINT('',(5.831520212696,10.369817542328,0.));
#2464 = CARTESIAN_POINT('',(4.479848060218,11.098679784875,0.));
#2465 = CARTESIAN_POINT('',(3.026358756153,11.623809572637,0.));
#2466 = CARTESIAN_POINT('',(1.507218601253,11.930910524261,0.));
#2467 = CARTESIAN_POINT('',(-4.056954459872E-02,12.011246062744,0.));
#2468 = CARTESIAN_POINT('',(-1.578991457409,11.864082364038,0.));
#2469 = CARTESIAN_POINT('',(-3.069460218221,11.494270641641,0.));
#2470 = CARTESIAN_POINT('',(-5.865498870535,10.348962525432,0.));
#2471 = CARTESIAN_POINT('',(-7.177598961881,9.574441869575,0.));
#2472 = CARTESIAN_POINT('',(-8.369853603954,8.610439805469,0.));
#2473 = CARTESIAN_POINT('',(-9.411994386686,7.479937457838,0.));
#2474 = CARTESIAN_POINT('',(-10.27797882974,6.20943985041,0.));
#2475 = CARTESIAN_POINT('',(-10.94786793841,4.830302543143,0.));
#2476 = CARTESIAN_POINT('',(-11.40610932262,3.377201389492,0.));
#2477 = CARTESIAN_POINT('',(-11.72351482986,1.422856461647,0.));
#2478 = CARTESIAN_POINT('',(-11.77809154598,0.950522089078,0.));
#2479 = CARTESIAN_POINT('',(-11.8109119346,0.475846421109,0.));
#2480 = CARTESIAN_POINT('',(-11.8218642994,4.54581E-10,0.));
#2481 = CARTESIAN_POINT('',(-11.81091193464,-0.475846420202,0.));
#2482 = CARTESIAN_POINT('',(-11.77809154606,-0.950522088174,0.));
#2483 = CARTESIAN_POINT('',(-11.72351482998,-1.422856460747,0.));
#2484 = CARTESIAN_POINT('',(-11.49974641008,-2.800654472087,0.));
#2485 = CARTESIAN_POINT('',(-11.27100973456,-3.696700077294,0.));
#2486 = CARTESIAN_POINT('',(-10.96252278104,-4.571009449341,0.));
#2487 = CARTESIAN_POINT('',(-10.57679924161,-5.41533079258,0.));
#2488 = CARTESIAN_POINT('',(-10.11728724329,-6.221872733535,0.));
#2489 = CARTESIAN_POINT('',(-9.588291379735,-6.983282303536,0.));
#2490 = CARTESIAN_POINT('',(-8.995036434704,-7.692695467615,0.));
#2491 = CARTESIAN_POINT('',(-8.343872797533,-8.343860199632,0.));
#2492 = ORIENTED_EDGE('',*,*,#1702,.T.);
#2493 = FACE_BOUND('',#2494,.F.);
#2494 = EDGE_LOOP('',(#2495));
#2495 = ORIENTED_EDGE('',*,*,#1388,.T.);
#2496 = PLANE('',#2497);
#2497 = AXIS2_PLACEMENT_3D('',#2498,#2499,#2500);
#2498 = CARTESIAN_POINT('',(0.,0.,0.));
#2499 = DIRECTION('',(-0.,-0.,-1.));
#2500 = DIRECTION('',(0.,1.,0.));
#2501 = ADVANCED_FACE('',(#2502),#2521,.F.);
#2502 = FACE_BOUND('',#2503,.T.);
#2503 = EDGE_LOOP('',(#2504,#2505,#2513,#2520));
#2504 = ORIENTED_EDGE('',*,*,#1461,.T.);
#2505 = ORIENTED_EDGE('',*,*,#2506,.T.);
#2506 = EDGE_CURVE('',#1450,#2507,#2509,.T.);
#2507 = VERTEX_POINT('',#2508);
#2508 = CARTESIAN_POINT('',(0.,9.214424780627,8.532088886238));
#2509 = LINE('',#2510,#2511);
#2510 = CARTESIAN_POINT('',(0.,9.214424780627,6.532088886238));
#2511 = VECTOR('',#2512,1.);
#2512 = DIRECTION('',(0.,0.,1.));
#2513 = ORIENTED_EDGE('',*,*,#2514,.F.);
#2514 = EDGE_CURVE('',#2507,#2507,#2515,.T.);
#2515 = CIRCLE('',#2516,9.214424780627);
#2516 = AXIS2_PLACEMENT_3D('',#2517,#2518,#2519);
#2517 = CARTESIAN_POINT('',(0.,0.,8.532088886238));
#2518 = DIRECTION('',(0.,0.,-1.));
#2519 = DIRECTION('',(0.,1.,0.));
#2520 = ORIENTED_EDGE('',*,*,#2506,.F.);
#2521 = CYLINDRICAL_SURFACE('',#2522,9.214424780627);
#2522 = AXIS2_PLACEMENT_3D('',#2523,#2524,#2525);
#2523 = CARTESIAN_POINT('',(0.,0.,6.532088886238));
#2524 = DIRECTION('',(0.,0.,1.));
#2525 = DIRECTION('',(0.,1.,0.));
#2526 = ADVANCED_FACE('',(#2527),#2570,.T.);
#2527 = FACE_BOUND('',#2528,.T.);
#2528 = EDGE_LOOP('',(#2529,#2530,#2531,#2548,#2555));
#2529 = ORIENTED_EDGE('',*,*,#1650,.F.);
#2530 = ORIENTED_EDGE('',*,*,#1495,.T.);
#2531 = ORIENTED_EDGE('',*,*,#2532,.T.);
#2532 = EDGE_CURVE('',#1479,#2533,#2535,.T.);
#2533 = VERTEX_POINT('',#2534);
#2534 = CARTESIAN_POINT('',(12.200000046126,-7.472719E-09,8.920000000551
    ));
#2535 = B_SPLINE_CURVE_WITH_KNOTS('',11,(#2536,#2537,#2538,#2539,#2540,
    #2541,#2542,#2543,#2544,#2545,#2546,#2547),.UNSPECIFIED.,.F.,.F.,(12
    ,12),(0.,6.285222160302),.PIECEWISE_BEZIER_KNOTS.);
#2536 = CARTESIAN_POINT('',(12.20000002336,-8.58846569E-09,
    9.240000000282));
#2537 = CARTESIAN_POINT('',(12.19999997323,-6.968623794771,
    9.210909090666));
#2538 = CARTESIAN_POINT('',(7.822426505935,-13.93708914676,
    9.181818184015));
#2539 = CARTESIAN_POINT('',(-0.941802931953,-17.8504161883,
    9.152727268511));
#2540 = CARTESIAN_POINT('',(-11.6486478315,-15.64129091194,
    9.123636371256));
#2541 = CARTESIAN_POINT('',(-19.63196701285,-6.450485143466,
    9.094545447228));
#2542 = CARTESIAN_POINT('',(-19.63196707551,6.450485231367,
    9.065454549872));
#2543 = CARTESIAN_POINT('',(-11.64864779316,15.641290840498,
    9.036363636861));
#2544 = CARTESIAN_POINT('',(-0.941802899993,17.8504162344,9.007272725276
    ));
#2545 = CARTESIAN_POINT('',(7.822426554035,13.937089124397,
    8.978181820439));
#2546 = CARTESIAN_POINT('',(12.199999952576,6.968623773776,
    8.949090908463));
#2547 = CARTESIAN_POINT('',(12.200000046126,-7.47229682E-09,
    8.920000000551));
#2548 = ORIENTED_EDGE('',*,*,#2549,.F.);
#2549 = EDGE_CURVE('',#2550,#2533,#2552,.T.);
#2550 = VERTEX_POINT('',#2551);
#2551 = CARTESIAN_POINT('',(12.000000046126,-7.472153E-09,8.920000000551
    ));
#2552 = B_SPLINE_CURVE_WITH_KNOTS('',1,(#2553,#2554),.UNSPECIFIED.,.F.,
  .F.,(2,2),(-0.2,-0.),.PIECEWISE_BEZIER_KNOTS.);
#2553 = CARTESIAN_POINT('',(12.000000046126,-7.47172387E-09,
    8.920000000551));
#2554 = CARTESIAN_POINT('',(12.200000046126,-7.47229682E-09,
    8.920000000551));
#2555 = ORIENTED_EDGE('',*,*,#2556,.F.);
#2556 = EDGE_CURVE('',#1651,#2550,#2557,.T.);
#2557 = B_SPLINE_CURVE_WITH_KNOTS('',11,(#2558,#2559,#2560,#2561,#2562,
    #2563,#2564,#2565,#2566,#2567,#2568,#2569),.UNSPECIFIED.,.F.,.F.,(12
    ,12),(0.,6.285222160302),.PIECEWISE_BEZIER_KNOTS.);
#2558 = CARTESIAN_POINT('',(12.00000002336,-8.58809626E-09,
    9.240000000282));
#2559 = CARTESIAN_POINT('',(11.999999973231,-6.854384061924,
    9.210909090666));
#2560 = CARTESIAN_POINT('',(7.694190008444,-13.70861226991,
    9.181818184017));
#2561 = CARTESIAN_POINT('',(-0.926363544792,-17.5577864329,
    9.152727268507));
#2562 = CARTESIAN_POINT('',(-11.4576863871,-15.38487627389,
    9.123636371261));
#2563 = CARTESIAN_POINT('',(-19.31013149044,-6.344739530841,
    9.094545447222));
#2564 = CARTESIAN_POINT('',(-19.31013155313,6.344739618737,
    9.065454549877));
#2565 = CARTESIAN_POINT('',(-11.45768634874,15.384876202462,
    9.036363636858));
#2566 = CARTESIAN_POINT('',(-0.926363512843,17.557786478992,
    9.007272725277));
#2567 = CARTESIAN_POINT('',(7.694190056546,13.70861224755,8.978181820438
    ));
#2568 = CARTESIAN_POINT('',(11.999999952575,6.854384040929,
    8.949090908463));
#2569 = CARTESIAN_POINT('',(12.000000046126,-7.4717283E-09,
    8.920000000551));
#2570 = B_SPLINE_SURFACE_WITH_KNOTS('',1,11,(
    (#2571,#2572,#2573,#2574,#2575,#2576,#2577,#2578,#2579,#2580,#2581
      ,#2582)
    ,(#2583,#2584,#2585,#2586,#2587,#2588,#2589,#2590,#2591,#2592,#2593
      ,#2594
    )),.UNSPECIFIED.,.F.,.F.,.F.,(2,2),(12,12),(-0.2,-0.),(0.,
    6.285222160302),.PIECEWISE_BEZIER_KNOTS.);
#2571 = CARTESIAN_POINT('',(12.00000002336,-8.58809183E-09,
    9.240000000282));
#2572 = CARTESIAN_POINT('',(11.999999973231,-6.854384061924,
    9.210909090666));
#2573 = CARTESIAN_POINT('',(7.694190008443,-13.70861226991,
    9.181818184017));
#2574 = CARTESIAN_POINT('',(-0.926363544789,-17.55778643291,
    9.152727268507));
#2575 = CARTESIAN_POINT('',(-11.4576863871,-15.38487627389,
    9.123636371261));
#2576 = CARTESIAN_POINT('',(-19.31013149044,-6.344739530855,
    9.094545447222));
#2577 = CARTESIAN_POINT('',(-19.31013155314,6.344739618752,
    9.065454549877));
#2578 = CARTESIAN_POINT('',(-11.45768634873,15.384876202452,
    9.036363636858));
#2579 = CARTESIAN_POINT('',(-0.926363512845,17.557786478998,
    9.007272725277));
#2580 = CARTESIAN_POINT('',(7.694190056547,13.708612247548,
    8.978181820438));
#2581 = CARTESIAN_POINT('',(11.999999952575,6.854384040929,
    8.949090908463));
#2582 = CARTESIAN_POINT('',(12.000000046126,-7.47172387E-09,
    8.920000000551));
#2583 = CARTESIAN_POINT('',(12.20000002336,-8.58846569E-09,
    9.240000000282));
#2584 = CARTESIAN_POINT('',(12.19999997323,-6.968623794771,
    9.210909090666));
#2585 = CARTESIAN_POINT('',(7.822426505935,-13.93708914676,
    9.181818184015));
#2586 = CARTESIAN_POINT('',(-0.941802931953,-17.8504161883,
    9.152727268511));
#2587 = CARTESIAN_POINT('',(-11.6486478315,-15.64129091194,
    9.123636371256));
#2588 = CARTESIAN_POINT('',(-19.63196701285,-6.450485143466,
    9.094545447228));
#2589 = CARTESIAN_POINT('',(-19.63196707551,6.450485231367,
    9.065454549872));
#2590 = CARTESIAN_POINT('',(-11.64864779316,15.641290840498,
    9.036363636861));
#2591 = CARTESIAN_POINT('',(-0.941802899993,17.8504162344,9.007272725276
    ));
#2592 = CARTESIAN_POINT('',(7.822426554035,13.937089124397,
    8.978181820439));
#2593 = CARTESIAN_POINT('',(12.199999952576,6.968623773776,
    8.949090908463));
#2594 = CARTESIAN_POINT('',(12.200000046126,-7.47229682E-09,
    8.920000000551));
#2595 = ADVANCED_FACE('',(#2596),#2623,.T.);
#2596 = FACE_BOUND('',#2597,.T.);
#2597 = EDGE_LOOP('',(#2598,#2599,#2600,#2601,#2618));
#2598 = ORIENTED_EDGE('',*,*,#1600,.F.);
#2599 = ORIENTED_EDGE('',*,*,#1565,.T.);
#2600 = ORIENTED_EDGE('',*,*,#1675,.T.);
#2601 = ORIENTED_EDGE('',*,*,#2602,.T.);
#2602 = EDGE_CURVE('',#1668,#2603,#2605,.T.);
#2603 = VERTEX_POINT('',#2604);
#2604 = CARTESIAN_POINT('',(12.00000002336,-8.587761E-09,9.04000000027)
  );
#2605 = B_SPLINE_CURVE_WITH_KNOTS('',11,(#2606,#2607,#2608,#2609,#2610,
    #2611,#2612,#2613,#2614,#2615,#2616,#2617),.UNSPECIFIED.,.F.,.F.,(12
    ,12),(0.,6.285222160302),.PIECEWISE_BEZIER_KNOTS.);
#2606 = CARTESIAN_POINT('',(12.000000023096,-4.16183375E-09,
    9.360000000263));
#2607 = CARTESIAN_POINT('',(12.000000072462,-6.854384069895,
    9.330909091797));
#2608 = CARTESIAN_POINT('',(7.694189916416,-13.70861233857,
    9.301818183437));
#2609 = CARTESIAN_POINT('',(-0.926363512598,-17.55778633143,
    9.272727267528));
#2610 = CARTESIAN_POINT('',(-11.45768610192,-15.38487650806,
    9.243636377181));
#2611 = CARTESIAN_POINT('',(-19.31013233174,-6.344739310086,
    9.214545436475));
#2612 = CARTESIAN_POINT('',(-19.31013041882,6.344739339585,
    9.185454564142));
#2613 = CARTESIAN_POINT('',(-11.45768751584,15.384876504995,
    9.156363624389));
#2614 = CARTESIAN_POINT('',(-0.926362730599,17.557786338141,
    9.127272734334));
#2615 = CARTESIAN_POINT('',(7.694189661519,13.708612331789,
    9.098181815991));
#2616 = CARTESIAN_POINT('',(12.000000126168,6.854384053513,9.06909091054
    ));
#2617 = CARTESIAN_POINT('',(12.000000023361,-8.58744334E-09,
    9.04000000027));
#2618 = ORIENTED_EDGE('',*,*,#2619,.F.);
#2619 = EDGE_CURVE('',#1601,#2603,#2620,.T.);
#2620 = B_SPLINE_CURVE_WITH_KNOTS('',1,(#2621,#2622),.UNSPECIFIED.,.F.,
  .F.,(2,2),(-0.2,-0.),.PIECEWISE_BEZIER_KNOTS.);
#2621 = CARTESIAN_POINT('',(12.200000023361,-8.58781909E-09,
    9.04000000027));
#2622 = CARTESIAN_POINT('',(12.000000023361,-8.58744334E-09,
    9.04000000027));
#2623 = B_SPLINE_SURFACE_WITH_KNOTS('',1,11,(
    (#2624,#2625,#2626,#2627,#2628,#2629,#2630,#2631,#2632,#2633,#2634
      ,#2635)
    ,(#2636,#2637,#2638,#2639,#2640,#2641,#2642,#2643,#2644,#2645,#2646
      ,#2647
    )),.UNSPECIFIED.,.F.,.F.,.F.,(2,2),(12,12),(-0.2,-0.),(0.,
    6.285222160302),.PIECEWISE_BEZIER_KNOTS.);
#2624 = CARTESIAN_POINT('',(12.200000023096,-4.16206014E-09,
    9.360000000263));
#2625 = CARTESIAN_POINT('',(12.200000072461,-6.968623802742,
    9.330909091797));
#2626 = CARTESIAN_POINT('',(7.82242641391,-13.93708921542,9.301818183437
    ));
#2627 = CARTESIAN_POINT('',(-0.941802899771,-17.85041608683,
    9.272727267528));
#2628 = CARTESIAN_POINT('',(-11.6486475463,-15.64129114612,9.24363637718
    ));
#2629 = CARTESIAN_POINT('',(-19.63196785418,-6.450484922674,
    9.214545436479));
#2630 = CARTESIAN_POINT('',(-19.63196594116,6.450484952176,
    9.185454564137));
#2631 = CARTESIAN_POINT('',(-11.64864896028,15.641291143056,
    9.156363624393));
#2632 = CARTESIAN_POINT('',(-0.94180211774,17.850416093538,
    9.127272734331));
#2633 = CARTESIAN_POINT('',(7.822426159006,13.937089208638,
    9.098181815992));
#2634 = CARTESIAN_POINT('',(12.200000126168,6.96862378636,9.06909091054)
  );
#2635 = CARTESIAN_POINT('',(12.200000023361,-8.58781909E-09,
    9.04000000027));
#2636 = CARTESIAN_POINT('',(12.000000023096,-4.16183375E-09,
    9.360000000263));
#2637 = CARTESIAN_POINT('',(12.000000072462,-6.854384069895,
    9.330909091797));
#2638 = CARTESIAN_POINT('',(7.694189916416,-13.70861233857,
    9.301818183437));
#2639 = CARTESIAN_POINT('',(-0.926363512598,-17.55778633143,
    9.272727267528));
#2640 = CARTESIAN_POINT('',(-11.45768610192,-15.38487650806,
    9.243636377181));
#2641 = CARTESIAN_POINT('',(-19.31013233174,-6.344739310086,
    9.214545436475));
#2642 = CARTESIAN_POINT('',(-19.31013041882,6.344739339585,
    9.185454564142));
#2643 = CARTESIAN_POINT('',(-11.45768751584,15.384876504995,
    9.156363624389));
#2644 = CARTESIAN_POINT('',(-0.926362730599,17.557786338141,
    9.127272734334));
#2645 = CARTESIAN_POINT('',(7.694189661519,13.708612331789,
    9.098181815991));
#2646 = CARTESIAN_POINT('',(12.000000126168,6.854384053513,9.06909091054
    ));
#2647 = CARTESIAN_POINT('',(12.000000023361,-8.58744334E-09,
    9.04000000027));
#2648 = ADVANCED_FACE('',(#2649),#2675,.T.);
#2649 = FACE_BOUND('',#2650,.T.);
#2650 = EDGE_LOOP('',(#2651,#2652,#2653,#2670));
#2651 = ORIENTED_EDGE('',*,*,#2532,.F.);
#2652 = ORIENTED_EDGE('',*,*,#1617,.T.);
#2653 = ORIENTED_EDGE('',*,*,#2654,.T.);
#2654 = EDGE_CURVE('',#1601,#2655,#2657,.T.);
#2655 = VERTEX_POINT('',#2656);
#2656 = CARTESIAN_POINT('',(12.200000046126,-7.472699E-09,8.72000000054)
  );
#2657 = B_SPLINE_CURVE_WITH_KNOTS('',11,(#2658,#2659,#2660,#2661,#2662,
    #2663,#2664,#2665,#2666,#2667,#2668,#2669),.UNSPECIFIED.,.F.,.F.,(12
    ,12),(0.,6.285222160302),.PIECEWISE_BEZIER_KNOTS.);
#2658 = CARTESIAN_POINT('',(12.20000002336,-8.58843773E-09,9.04000000027
    ));
#2659 = CARTESIAN_POINT('',(12.199999973231,-6.968623794771,
    9.010909090654));
#2660 = CARTESIAN_POINT('',(7.822426505935,-13.93708914676,
    8.981818184005));
#2661 = CARTESIAN_POINT('',(-0.941802931957,-17.8504161883,
    8.952727268497));
#2662 = CARTESIAN_POINT('',(-11.64864783149,-15.64129091195,
    8.923636371249));
#2663 = CARTESIAN_POINT('',(-19.63196701288,-6.450485143436,
    8.89454544721));
#2664 = CARTESIAN_POINT('',(-19.63196707547,6.450485231328,
    8.865454549867));
#2665 = CARTESIAN_POINT('',(-11.64864779318,15.641290840528,
    8.836363636844));
#2666 = CARTESIAN_POINT('',(-0.941802899986,17.850416234387,
    8.807272725267));
#2667 = CARTESIAN_POINT('',(7.822426554034,13.937089124399,
    8.778181820426));
#2668 = CARTESIAN_POINT('',(12.199999952576,6.968623773776,
    8.749090908452));
#2669 = CARTESIAN_POINT('',(12.200000046126,-7.47226887E-09,
    8.72000000054));
#2670 = ORIENTED_EDGE('',*,*,#2671,.F.);
#2671 = EDGE_CURVE('',#2533,#2655,#2672,.T.);
#2672 = B_SPLINE_CURVE_WITH_KNOTS('',1,(#2673,#2674),.UNSPECIFIED.,.F.,
  .F.,(2,2),(-0.2,-0.),.PIECEWISE_BEZIER_KNOTS.);
#2673 = CARTESIAN_POINT('',(12.200000046126,-7.47229682E-09,
    8.920000000551));
#2674 = CARTESIAN_POINT('',(12.200000046126,-7.47225706E-09,
    8.72000000054));
#2675 = B_SPLINE_SURFACE_WITH_KNOTS('',1,11,(
    (#2676,#2677,#2678,#2679,#2680,#2681,#2682,#2683,#2684,#2685,#2686
      ,#2687)
    ,(#2688,#2689,#2690,#2691,#2692,#2693,#2694,#2695,#2696,#2697,#2698
      ,#2699
    )),.UNSPECIFIED.,.F.,.F.,.F.,(2,2),(12,12),(-0.2,-0.),(0.,
    6.285222160302),.PIECEWISE_BEZIER_KNOTS.);
#2676 = CARTESIAN_POINT('',(12.20000002336,-8.58846569E-09,
    9.240000000282));
#2677 = CARTESIAN_POINT('',(12.19999997323,-6.968623794771,
    9.210909090666));
#2678 = CARTESIAN_POINT('',(7.822426505935,-13.93708914676,
    9.181818184015));
#2679 = CARTESIAN_POINT('',(-0.941802931953,-17.8504161883,
    9.152727268511));
#2680 = CARTESIAN_POINT('',(-11.6486478315,-15.64129091194,
    9.123636371256));
#2681 = CARTESIAN_POINT('',(-19.63196701285,-6.450485143466,
    9.094545447228));
#2682 = CARTESIAN_POINT('',(-19.63196707551,6.450485231367,
    9.065454549872));
#2683 = CARTESIAN_POINT('',(-11.64864779316,15.641290840498,
    9.036363636861));
#2684 = CARTESIAN_POINT('',(-0.941802899993,17.8504162344,9.007272725276
    ));
#2685 = CARTESIAN_POINT('',(7.822426554035,13.937089124397,
    8.978181820439));
#2686 = CARTESIAN_POINT('',(12.199999952576,6.968623773776,
    8.949090908463));
#2687 = CARTESIAN_POINT('',(12.200000046126,-7.47229682E-09,
    8.920000000551));
#2688 = CARTESIAN_POINT('',(12.20000002336,-8.58844723E-09,9.04000000027
    ));
#2689 = CARTESIAN_POINT('',(12.199999973231,-6.968623794771,
    9.010909090654));
#2690 = CARTESIAN_POINT('',(7.822426505935,-13.93708914676,
    8.981818184005));
#2691 = CARTESIAN_POINT('',(-0.941802931957,-17.8504161883,
    8.952727268497));
#2692 = CARTESIAN_POINT('',(-11.64864783149,-15.64129091196,
    8.923636371249));
#2693 = CARTESIAN_POINT('',(-19.63196701288,-6.450485143428,
    8.89454544721));
#2694 = CARTESIAN_POINT('',(-19.63196707547,6.45048523132,8.865454549867
    ));
#2695 = CARTESIAN_POINT('',(-11.64864779318,15.641290840534,
    8.836363636844));
#2696 = CARTESIAN_POINT('',(-0.941802899986,17.850416234384,
    8.807272725267));
#2697 = CARTESIAN_POINT('',(7.822426554035,13.9370891244,8.778181820426)
  );
#2698 = CARTESIAN_POINT('',(12.199999952576,6.968623773776,
    8.749090908452));
#2699 = CARTESIAN_POINT('',(12.200000046126,-7.47225706E-09,
    8.72000000054));
#2700 = ADVANCED_FACE('',(#2701),#2746,.F.);
#2701 = FACE_BOUND('',#2702,.T.);
#2702 = EDGE_LOOP('',(#2703,#2720,#2728,#2743,#2744,#2745));
#2703 = ORIENTED_EDGE('',*,*,#2704,.T.);
#2704 = EDGE_CURVE('',#2550,#2705,#2707,.T.);
#2705 = VERTEX_POINT('',#2706);
#2706 = CARTESIAN_POINT('',(2.9572E-11,11.999999659383,8.680000059063));
#2707 = B_SPLINE_CURVE_WITH_KNOTS('',11,(#2708,#2709,#2710,#2711,#2712,
    #2713,#2714,#2715,#2716,#2717,#2718,#2719),.UNSPECIFIED.,.F.,.F.,(12
    ,12),(0.,6.285222160302),.PIECEWISE_BEZIER_KNOTS.);
#2708 = CARTESIAN_POINT('',(12.000000046125,-7.4723548E-09,
    8.920000000551));
#2709 = CARTESIAN_POINT('',(11.999999946997,-6.854384064569,
    8.890909090311));
#2710 = CARTESIAN_POINT('',(7.694190111446,-13.70861224026,
    8.861818185504));
#2711 = CARTESIAN_POINT('',(-0.926363847688,-17.55778646619,
    8.832727263152));
#2712 = CARTESIAN_POINT('',(-11.45768565034,-15.38487619502,
    8.803636383219));
#2713 = CARTESIAN_POINT('',(-19.31013270927,-6.344739722901,
    8.774545428614));
#2714 = CARTESIAN_POINT('',(-19.31013007962,6.344739808525,
    8.745454571414));
#2715 = CARTESIAN_POINT('',(-11.45768767663,15.384876082748,
    8.716363618365));
#2716 = CARTESIAN_POINT('',(-0.92636264744,17.557786504285,
    8.687272736933));
#2717 = CARTESIAN_POINT('',(7.694189623131,13.708612256308,
    8.658181815048));
#2718 = CARTESIAN_POINT('',(12.000000104263,6.854384049105,
    8.629090910303));
#2719 = CARTESIAN_POINT('',(12.000000001505,-7.22957782E-09,
    8.60000000002));
#2720 = ORIENTED_EDGE('',*,*,#2721,.T.);
#2721 = EDGE_CURVE('',#2705,#2722,#2724,.T.);
#2722 = VERTEX_POINT('',#2723);
#2723 = CARTESIAN_POINT('',(2.3476E-11,11.999999659365,8.800000059074));
#2724 = LINE('',#2725,#2726);
#2725 = CARTESIAN_POINT('',(0.,12.,8.532088886238));
#2726 = VECTOR('',#2727,1.);
#2727 = DIRECTION('',(0.,0.,1.));
#2728 = ORIENTED_EDGE('',*,*,#2729,.F.);
#2729 = EDGE_CURVE('',#2603,#2722,#2730,.T.);
#2730 = B_SPLINE_CURVE_WITH_KNOTS('',11,(#2731,#2732,#2733,#2734,#2735,
    #2736,#2737,#2738,#2739,#2740,#2741,#2742),.UNSPECIFIED.,.F.,.F.,(12
    ,12),(0.,6.285222160302),.PIECEWISE_BEZIER_KNOTS.);
#2731 = CARTESIAN_POINT('',(12.00000002336,-8.58806719E-09,9.04000000027
    ));
#2732 = CARTESIAN_POINT('',(11.999999973231,-6.854384061924,
    9.010909090654));
#2733 = CARTESIAN_POINT('',(7.694190008444,-13.70861226991,
    8.981818184006));
#2734 = CARTESIAN_POINT('',(-0.926363544796,-17.5577864329,
    8.952727268494));
#2735 = CARTESIAN_POINT('',(-11.45768638708,-15.38487627391,
    8.923636371253));
#2736 = CARTESIAN_POINT('',(-19.31013149047,-6.344739530818,
    8.894545447207));
#2737 = CARTESIAN_POINT('',(-19.3101315531,6.344739618709,8.865454549868
    ));
#2738 = CARTESIAN_POINT('',(-11.45768634876,15.384876202484,
    8.836363636844));
#2739 = CARTESIAN_POINT('',(-0.926363512836,17.557786478984,
    8.807272725267));
#2740 = CARTESIAN_POINT('',(7.694190056544,13.708612247551,
    8.778181820426));
#2741 = CARTESIAN_POINT('',(11.999999952575,6.854384040929,
    8.749090908452));
#2742 = CARTESIAN_POINT('',(12.000000046126,-7.47169923E-09,
    8.72000000054));
#2743 = ORIENTED_EDGE('',*,*,#2602,.F.);
#2744 = ORIENTED_EDGE('',*,*,#1667,.F.);
#2745 = ORIENTED_EDGE('',*,*,#2556,.T.);
#2746 = CYLINDRICAL_SURFACE('',#2747,12.);
#2747 = AXIS2_PLACEMENT_3D('',#2748,#2749,#2750);
#2748 = CARTESIAN_POINT('',(0.,0.,8.532088886238));
#2749 = DIRECTION('',(0.,0.,1.));
#2750 = DIRECTION('',(0.,1.,0.));
#2751 = ADVANCED_FACE('',(#2752),#2762,.F.);
#2752 = FACE_BOUND('',#2753,.F.);
#2753 = EDGE_LOOP('',(#2754,#2755,#2756,#2757));
#2754 = ORIENTED_EDGE('',*,*,#1712,.F.);
#2755 = ORIENTED_EDGE('',*,*,#2432,.F.);
#2756 = ORIENTED_EDGE('',*,*,#2378,.T.);
#2757 = ORIENTED_EDGE('',*,*,#2758,.F.);
#2758 = EDGE_CURVE('',#1713,#2327,#2759,.T.);
#2759 = B_SPLINE_CURVE_WITH_KNOTS('',1,(#2760,#2761),.UNSPECIFIED.,.F.,
  .F.,(2,2),(-0.2,-0.),.PIECEWISE_BEZIER_KNOTS.);
#2760 = CARTESIAN_POINT('',(11.799999999997,-1.05721597E-09,
    0.120000000003));
#2761 = CARTESIAN_POINT('',(11.799999999997,-1.05721093E-09,
    0.320000000003));
#2762 = B_SPLINE_SURFACE_WITH_KNOTS('',1,11,(
    (#2763,#2764,#2765,#2766,#2767,#2768,#2769,#2770,#2771,#2772,#2773
      ,#2774)
    ,(#2775,#2776,#2777,#2778,#2779,#2780,#2781,#2782,#2783,#2784,#2785
      ,#2786
    )),.UNSPECIFIED.,.F.,.F.,.F.,(2,2),(12,12),(-0.2,-0.),(0.,
    6.285222160302),.PIECEWISE_BEZIER_KNOTS.);
#2763 = CARTESIAN_POINT('',(11.8,-5.6E-16,-0.2));
#2764 = CARTESIAN_POINT('',(11.800000000452,6.74014430132,
    -0.170909090911));
#2765 = CARTESIAN_POINT('',(7.565953353805,13.48013537966,
    -0.141818181829));
#2766 = CARTESIAN_POINT('',(-0.91092384538,17.265156611198,
    -0.112727272688));
#2767 = CARTESIAN_POINT('',(-11.26672521163,15.128461617763,
    -8.363636373288E-02));
#2768 = CARTESIAN_POINT('',(-18.98829582561,6.238993941761,
    -5.454545439374E-02));
#2769 = CARTESIAN_POINT('',(-18.9882958251,-6.238993950986,
    -2.545454563645E-02));
#2770 = CARTESIAN_POINT('',(-11.2667252145,-15.12846159064,
    3.636363796981E-03));
#2771 = CARTESIAN_POINT('',(-0.910923847312,-17.26515663364,
    3.272727261569E-02));
#2772 = CARTESIAN_POINT('',(7.565953351939,-13.48013536896,
    6.181818187205E-02));
#2773 = CARTESIAN_POINT('',(11.799999999573,-6.740144306451,
    9.090909088878E-02));
#2774 = CARTESIAN_POINT('',(11.799999999997,-1.05721597E-09,
    0.120000000003));
#2775 = CARTESIAN_POINT('',(11.8,4.48E-15,-6.E-17));
#2776 = CARTESIAN_POINT('',(11.800000000452,6.74014430132,
    2.909090908928E-02));
#2777 = CARTESIAN_POINT('',(7.565953353807,13.48013537966,
    5.818181817061E-02));
#2778 = CARTESIAN_POINT('',(-0.910923845389,17.265156611197,
    8.727272731226E-02));
#2779 = CARTESIAN_POINT('',(-11.26672521161,15.128461617763,
    0.116363636267));
#2780 = CARTESIAN_POINT('',(-18.98829582564,6.238993941764,
    0.145454545606));
#2781 = CARTESIAN_POINT('',(-18.98829582507,-6.238993950991,
    0.174545454364));
#2782 = CARTESIAN_POINT('',(-11.26672521451,-15.12846159064,
    0.203636363797));
#2783 = CARTESIAN_POINT('',(-0.910923847308,-17.26515663364,
    0.232727272616));
#2784 = CARTESIAN_POINT('',(7.565953351939,-13.48013536896,
    0.261818181872));
#2785 = CARTESIAN_POINT('',(11.799999999573,-6.740144306451,
    0.290909090889));
#2786 = CARTESIAN_POINT('',(11.799999999997,-1.05721093E-09,
    0.320000000003));
#2787 = ADVANCED_FACE('',(#2788),#2798,.F.);
#2788 = FACE_BOUND('',#2789,.F.);
#2789 = EDGE_LOOP('',(#2790,#2791,#2792,#2793));
#2790 = ORIENTED_EDGE('',*,*,#1764,.F.);
#2791 = ORIENTED_EDGE('',*,*,#2758,.T.);
#2792 = ORIENTED_EDGE('',*,*,#2326,.T.);
#2793 = ORIENTED_EDGE('',*,*,#2794,.F.);
#2794 = EDGE_CURVE('',#1765,#2275,#2795,.T.);
#2795 = B_SPLINE_CURVE_WITH_KNOTS('',1,(#2796,#2797),.UNSPECIFIED.,.F.,
  .F.,(2,2),(-0.2,-0.),.PIECEWISE_BEZIER_KNOTS.);
#2796 = CARTESIAN_POINT('',(11.799999999974,-2.31611808E-09,
    0.44000000003));
#2797 = CARTESIAN_POINT('',(11.799999999974,-2.31613041E-09,
    0.64000000003));
#2798 = B_SPLINE_SURFACE_WITH_KNOTS('',1,11,(
    (#2799,#2800,#2801,#2802,#2803,#2804,#2805,#2806,#2807,#2808,#2809
      ,#2810)
    ,(#2811,#2812,#2813,#2814,#2815,#2816,#2817,#2818,#2819,#2820,#2821
      ,#2822
    )),.UNSPECIFIED.,.F.,.F.,.F.,(2,2),(12,12),(-0.2,-0.),(0.,
    6.285222160302),.PIECEWISE_BEZIER_KNOTS.);
#2799 = CARTESIAN_POINT('',(11.799999999997,-1.05711563E-09,
    0.120000000003));
#2800 = CARTESIAN_POINT('',(11.800000001143,6.740144293116,
    0.149090909262));
#2801 = CARTESIAN_POINT('',(7.565953355928,13.480135406038,0.17818181757
    ));
#2802 = CARTESIAN_POINT('',(-0.910923844249,17.265156548706,
    0.207272728928));
#2803 = CARTESIAN_POINT('',(-11.26672520817,15.128461711636,
    0.236363633453));
#2804 = CARTESIAN_POINT('',(-18.98829582679,6.238993853105,
    0.265454549241));
#2805 = CARTESIAN_POINT('',(-18.98829582368,-6.23899389175,
    0.294545451024));
#2806 = CARTESIAN_POINT('',(-11.2667252181,-15.12846160582,
    0.323636366099));
#2807 = CARTESIAN_POINT('',(-0.910923848507,-17.26515663822,
    0.352727271525));
#2808 = CARTESIAN_POINT('',(7.565953349937,-13.48013536329,
    0.381818182263));
#2809 = CARTESIAN_POINT('',(11.799999998784,-6.740144310337,
    0.410909090833));
#2810 = CARTESIAN_POINT('',(11.799999999974,-2.31611808E-09,
    0.44000000003));
#2811 = CARTESIAN_POINT('',(11.799999999997,-1.05709955E-09,
    0.320000000003));
#2812 = CARTESIAN_POINT('',(11.800000001143,6.740144293116,
    0.349090909262));
#2813 = CARTESIAN_POINT('',(7.565953355925,13.480135406038,0.37818181757
    ));
#2814 = CARTESIAN_POINT('',(-0.910923844237,17.265156548706,
    0.407272728928));
#2815 = CARTESIAN_POINT('',(-11.2667252082,15.128461711634,
    0.436363633453));
#2816 = CARTESIAN_POINT('',(-18.98829582676,6.238993853111,
    0.465454549242));
#2817 = CARTESIAN_POINT('',(-18.98829582371,-6.238993891759,
    0.494545451023));
#2818 = CARTESIAN_POINT('',(-11.26672521808,-15.12846160582,
    0.523636366099));
#2819 = CARTESIAN_POINT('',(-0.910923848516,-17.26515663822,
    0.552727271525));
#2820 = CARTESIAN_POINT('',(7.56595334994,-13.48013536329,0.581818182263
    ));
#2821 = CARTESIAN_POINT('',(11.799999998783,-6.740144310336,
    0.610909090833));
#2822 = CARTESIAN_POINT('',(11.799999999974,-2.31613041E-09,
    0.64000000003));
#2823 = ADVANCED_FACE('',(#2824),#2834,.F.);
#2824 = FACE_BOUND('',#2825,.F.);
#2825 = EDGE_LOOP('',(#2826,#2827,#2828,#2829));
#2826 = ORIENTED_EDGE('',*,*,#1816,.F.);
#2827 = ORIENTED_EDGE('',*,*,#2794,.T.);
#2828 = ORIENTED_EDGE('',*,*,#2274,.T.);
#2829 = ORIENTED_EDGE('',*,*,#2830,.F.);
#2830 = EDGE_CURVE('',#1817,#2223,#2831,.T.);
#2831 = B_SPLINE_CURVE_WITH_KNOTS('',1,(#2832,#2833),.UNSPECIFIED.,.F.,
  .F.,(2,2),(-0.2,-0.),.PIECEWISE_BEZIER_KNOTS.);
#2832 = CARTESIAN_POINT('',(11.799999999935,-3.90995496E-09,
    0.760000000076));
#2833 = CARTESIAN_POINT('',(11.799999999935,-3.90996074E-09,
    0.960000000076));
#2834 = B_SPLINE_SURFACE_WITH_KNOTS('',1,11,(
    (#2835,#2836,#2837,#2838,#2839,#2840,#2841,#2842,#2843,#2844,#2845
      ,#2846)
    ,(#2847,#2848,#2849,#2850,#2851,#2852,#2853,#2854,#2855,#2856,#2857
      ,#2858
    )),.UNSPECIFIED.,.F.,.F.,.F.,(2,2),(12,12),(-0.2,-0.),(0.,
    6.285222160302),.PIECEWISE_BEZIER_KNOTS.);
#2835 = CARTESIAN_POINT('',(11.799999999975,-2.31652848E-09,
    0.44000000003));
#2836 = CARTESIAN_POINT('',(11.800000001336,6.74014430017,0.469090909569
    ));
#2837 = CARTESIAN_POINT('',(7.565953357609,13.480135376873,
    0.498181816709));
#2838 = CARTESIAN_POINT('',(-0.910923844942,17.265156601685,
    0.527272731024));
#2839 = CARTESIAN_POINT('',(-11.26672520412,15.128461663773,
    0.556363630541));
#2840 = CARTESIAN_POINT('',(-18.98829582956,6.238993849857,
    0.585454552155));
#2841 = CARTESIAN_POINT('',(-18.98829582172,-6.238993815469,
    0.614545449407));
#2842 = CARTESIAN_POINT('',(-11.26672521992,-15.12846171269,
    0.643636366534));
#2843 = CARTESIAN_POINT('',(-0.910923849718,-17.26515655297,
    0.672727271821));
#2844 = CARTESIAN_POINT('',(7.565953349173,-13.48013540457,
    0.701818182078));
#2845 = CARTESIAN_POINT('',(11.799999998208,-6.740144300262,
    0.730909090978));
#2846 = CARTESIAN_POINT('',(11.799999999935,-3.90995496E-09,
    0.760000000076));
#2847 = CARTESIAN_POINT('',(11.799999999975,-2.31652715E-09,
    0.64000000003));
#2848 = CARTESIAN_POINT('',(11.800000001336,6.74014430017,0.66909090957)
  );
#2849 = CARTESIAN_POINT('',(7.565953357608,13.480135376874,
    0.698181816709));
#2850 = CARTESIAN_POINT('',(-0.910923844937,17.265156601683,
    0.727272731024));
#2851 = CARTESIAN_POINT('',(-11.26672520413,15.128461663773,
    0.756363630541));
#2852 = CARTESIAN_POINT('',(-18.98829582955,6.238993849863,
    0.785454552154));
#2853 = CARTESIAN_POINT('',(-18.98829582173,-6.238993815477,
    0.814545449408));
#2854 = CARTESIAN_POINT('',(-11.26672521992,-15.12846171268,
    0.843636366534));
#2855 = CARTESIAN_POINT('',(-0.910923849717,-17.26515655297,
    0.872727271821));
#2856 = CARTESIAN_POINT('',(7.565953349172,-13.48013540457,
    0.901818182078));
#2857 = CARTESIAN_POINT('',(11.799999998208,-6.740144300262,
    0.930909090978));
#2858 = CARTESIAN_POINT('',(11.799999999935,-3.90996074E-09,
    0.960000000076));
#2859 = ADVANCED_FACE('',(#2860),#2870,.F.);
#2860 = FACE_BOUND('',#2861,.F.);
#2861 = EDGE_LOOP('',(#2862,#2863,#2864,#2865));
#2862 = ORIENTED_EDGE('',*,*,#1868,.F.);
#2863 = ORIENTED_EDGE('',*,*,#2830,.T.);
#2864 = ORIENTED_EDGE('',*,*,#2222,.T.);
#2865 = ORIENTED_EDGE('',*,*,#2866,.F.);
#2866 = EDGE_CURVE('',#1869,#2171,#2867,.T.);
#2867 = B_SPLINE_CURVE_WITH_KNOTS('',1,(#2868,#2869),.UNSPECIFIED.,.F.,
  .F.,(2,2),(-0.2,-0.),.PIECEWISE_BEZIER_KNOTS.);
#2868 = CARTESIAN_POINT('',(11.799999999914,-5.55541494E-09,1.0800000001
    ));
#2869 = CARTESIAN_POINT('',(11.799999999914,-5.55541669E-09,1.2800000001
    ));
#2870 = B_SPLINE_SURFACE_WITH_KNOTS('',1,11,(
    (#2871,#2872,#2873,#2874,#2875,#2876,#2877,#2878,#2879,#2880,#2881
      ,#2882)
    ,(#2883,#2884,#2885,#2886,#2887,#2888,#2889,#2890,#2891,#2892,#2893
      ,#2894
    )),.UNSPECIFIED.,.F.,.F.,.F.,(2,2),(12,12),(-0.2,-0.),(0.,
    6.285222160302),.PIECEWISE_BEZIER_KNOTS.);
#2871 = CARTESIAN_POINT('',(11.799999999935,-3.91018279E-09,
    0.760000000076));
#2872 = CARTESIAN_POINT('',(11.800000002229,6.740144295007,
    0.789090909713));
#2873 = CARTESIAN_POINT('',(7.565953359781,13.480135389345,
    0.818181816533));
#2874 = CARTESIAN_POINT('',(-0.910923842368,17.265156570962,
    0.84727273122));
#2875 = CARTESIAN_POINT('',(-11.26672520257,15.1284617093,0.876363631301
    ));
#2876 = CARTESIAN_POINT('',(-18.98829582649,6.238993812862,
    0.905454549889));
#2877 = CARTESIAN_POINT('',(-18.98829582561,-6.238993792731,
    0.934545453165));
#2878 = CARTESIAN_POINT('',(-11.26672521917,-15.12846171075,
    0.963636362869));
#2879 = CARTESIAN_POINT('',(-0.910923854326,-17.26515656067,
    0.992727274367));
#2880 = CARTESIAN_POINT('',(7.565953348028,-13.48013540004,
    1.021818181036));
#2881 = CARTESIAN_POINT('',(11.799999996901,-6.740144303766,
    1.050909091323));
#2882 = CARTESIAN_POINT('',(11.799999999914,-5.55541494E-09,1.0800000001
    ));
#2883 = CARTESIAN_POINT('',(11.799999999935,-3.91017743E-09,
    0.960000000076));
#2884 = CARTESIAN_POINT('',(11.800000002229,6.740144295007,
    0.989090909713));
#2885 = CARTESIAN_POINT('',(7.565953359781,13.480135389345,
    1.018181816533));
#2886 = CARTESIAN_POINT('',(-0.910923842362,17.265156570962,
    1.04727273122));
#2887 = CARTESIAN_POINT('',(-11.26672520258,15.1284617093,1.0763636313)
  );
#2888 = CARTESIAN_POINT('',(-18.98829582647,6.238993812864,1.10545454989
    ));
#2889 = CARTESIAN_POINT('',(-18.98829582562,-6.238993792735,
    1.134545453164));
#2890 = CARTESIAN_POINT('',(-11.26672521917,-15.12846171075,
    1.163636362871));
#2891 = CARTESIAN_POINT('',(-0.910923854324,-17.26515656067,
    1.192727274366));
#2892 = CARTESIAN_POINT('',(7.565953348027,-13.48013540004,
    1.221818181036));
#2893 = CARTESIAN_POINT('',(11.799999996901,-6.740144303766,
    1.250909091323));
#2894 = CARTESIAN_POINT('',(11.799999999914,-5.55541669E-09,1.2800000001
    ));
#2895 = ADVANCED_FACE('',(#2896),#2906,.F.);
#2896 = FACE_BOUND('',#2897,.F.);
#2897 = EDGE_LOOP('',(#2898,#2899,#2900,#2901));
#2898 = ORIENTED_EDGE('',*,*,#1920,.F.);
#2899 = ORIENTED_EDGE('',*,*,#2866,.T.);
#2900 = ORIENTED_EDGE('',*,*,#2170,.T.);
#2901 = ORIENTED_EDGE('',*,*,#2902,.F.);
#2902 = EDGE_CURVE('',#1921,#2119,#2903,.T.);
#2903 = B_SPLINE_CURVE_WITH_KNOTS('',1,(#2904,#2905),.UNSPECIFIED.,.F.,
  .F.,(2,2),(-0.2,-0.),.PIECEWISE_BEZIER_KNOTS.);
#2904 = CARTESIAN_POINT('',(11.799999999832,-6.44126672E-09,
    1.400000000198));
#2905 = CARTESIAN_POINT('',(11.799999999832,-6.44126031E-09,
    1.600000000198));
#2906 = B_SPLINE_SURFACE_WITH_KNOTS('',1,11,(
    (#2907,#2908,#2909,#2910,#2911,#2912,#2913,#2914,#2915,#2916,#2917
      ,#2918)
    ,(#2919,#2920,#2921,#2922,#2923,#2924,#2925,#2926,#2927,#2928,#2929
      ,#2930
    )),.UNSPECIFIED.,.F.,.F.,.F.,(2,2),(12,12),(-0.2,-0.),(0.,
    6.285222160302),.PIECEWISE_BEZIER_KNOTS.);
#2907 = CARTESIAN_POINT('',(11.799999999915,-5.55563317E-09,1.0800000001
    ));
#2908 = CARTESIAN_POINT('',(11.800000002656,6.740144297024,
    1.109090910148));
#2909 = CARTESIAN_POINT('',(7.565953362651,13.480135370899,
    1.138181815093));
#2910 = CARTESIAN_POINT('',(-0.910923843778,17.265156624138,
    1.167272735221));
#2911 = CARTESIAN_POINT('',(-11.26672519448,15.128461600978,
    1.196363624234));
#2912 = CARTESIAN_POINT('',(-18.98829583364,6.23899397648,1.225454559328
    ));
#2913 = CARTESIAN_POINT('',(-18.98829581882,-6.238993964335,
    1.25454544417));
#2914 = CARTESIAN_POINT('',(-11.26672522612,-15.12846157173,
    1.283636369395));
#2915 = CARTESIAN_POINT('',(-0.910923853649,-17.2651566388,
    1.312727271097));
#2916 = CARTESIAN_POINT('',(7.565953345392,-13.4801353705,1.341818182304
    ));
#2917 = CARTESIAN_POINT('',(11.799999996274,-6.740144312144,
    1.370909091118));
#2918 = CARTESIAN_POINT('',(11.799999999832,-6.44126672E-09,
    1.400000000198));
#2919 = CARTESIAN_POINT('',(11.799999999915,-5.55564807E-09,1.2800000001
    ));
#2920 = CARTESIAN_POINT('',(11.800000002656,6.740144297024,
    1.309090910148));
#2921 = CARTESIAN_POINT('',(7.565953362651,13.480135370899,
    1.338181815093));
#2922 = CARTESIAN_POINT('',(-0.910923843774,17.265156624139,
    1.367272735221));
#2923 = CARTESIAN_POINT('',(-11.26672519449,15.128461600978,
    1.396363624234));
#2924 = CARTESIAN_POINT('',(-18.98829583362,6.238993976478,
    1.425454559329));
#2925 = CARTESIAN_POINT('',(-18.98829581884,-6.238993964327,
    1.45454544417));
#2926 = CARTESIAN_POINT('',(-11.2667252261,-15.12846157174,
    1.483636369395));
#2927 = CARTESIAN_POINT('',(-0.910923853657,-17.2651566388,
    1.512727271097));
#2928 = CARTESIAN_POINT('',(7.565953345394,-13.4801353705,1.541818182304
    ));
#2929 = CARTESIAN_POINT('',(11.799999996274,-6.740144312144,
    1.570909091118));
#2930 = CARTESIAN_POINT('',(11.799999999832,-6.44126031E-09,
    1.600000000198));
#2931 = ADVANCED_FACE('',(#2932),#2942,.F.);
#2932 = FACE_BOUND('',#2933,.F.);
#2933 = EDGE_LOOP('',(#2934,#2935,#2936,#2937));
#2934 = ORIENTED_EDGE('',*,*,#1972,.F.);
#2935 = ORIENTED_EDGE('',*,*,#2902,.T.);
#2936 = ORIENTED_EDGE('',*,*,#2118,.T.);
#2937 = ORIENTED_EDGE('',*,*,#2938,.F.);
#2938 = EDGE_CURVE('',#1973,#2082,#2939,.T.);
#2939 = B_SPLINE_CURVE_WITH_KNOTS('',1,(#2940,#2941),.UNSPECIFIED.,.F.,
  .F.,(2,2),(-0.2,-0.),.PIECEWISE_BEZIER_KNOTS.);
#2940 = CARTESIAN_POINT('',(11.799999999758,-7.49422079E-09,
    1.720000000284));
#2941 = CARTESIAN_POINT('',(11.799999999758,-7.49421479E-09,
    1.920000000284));
#2942 = B_SPLINE_SURFACE_WITH_KNOTS('',1,11,(
    (#2943,#2944,#2945,#2946,#2947,#2948,#2949,#2950,#2951,#2952,#2953
      ,#2954)
    ,(#2955,#2956,#2957,#2958,#2959,#2960,#2961,#2962,#2963,#2964,#2965
      ,#2966
    )),.UNSPECIFIED.,.F.,.F.,.F.,(2,2),(12,12),(-0.2,-0.),(0.,
    6.285222160302),.PIECEWISE_BEZIER_KNOTS.);
#2943 = CARTESIAN_POINT('',(11.799999999831,-6.44101994E-09,
    1.400000000198));
#2944 = CARTESIAN_POINT('',(11.800000003143,6.74014429467,1.429090910245
    ));
#2945 = CARTESIAN_POINT('',(7.565953363738,13.480135375595,
    1.458181815199));
#2946 = CARTESIAN_POINT('',(-0.91092384224,17.265156610725,1.4872727352)
  );
#2947 = CARTESIAN_POINT('',(-11.2667251935,15.12846162386,1.516363624715
    ));
#2948 = CARTESIAN_POINT('',(-18.98829583203,6.23899395287,1.545454558671
    ));
#2949 = CARTESIAN_POINT('',(-18.98829582065,-6.238993942732,
    1.57454544525));
#2950 = CARTESIAN_POINT('',(-11.26672522601,-15.12846158151,
    1.603636368579));
#2951 = CARTESIAN_POINT('',(-0.910923855865,-17.26515663471,
    1.632727271787));
#2952 = CARTESIAN_POINT('',(7.565953344483,-13.48013537195,
    1.661818182137));
#2953 = CARTESIAN_POINT('',(11.799999995564,-6.740144312922,
    1.690909091283));
#2954 = CARTESIAN_POINT('',(11.799999999758,-7.49422079E-09,
    1.720000000284));
#2955 = CARTESIAN_POINT('',(11.799999999831,-6.44103526E-09,
    1.600000000198));
#2956 = CARTESIAN_POINT('',(11.800000003143,6.74014429467,1.629090910245
    ));
#2957 = CARTESIAN_POINT('',(7.56595336374,13.480135375599,1.658181815199
    ));
#2958 = CARTESIAN_POINT('',(-0.910923842248,17.265156610711,
    1.687272735201));
#2959 = CARTESIAN_POINT('',(-11.26672519348,15.12846162389,
    1.716363624715));
#2960 = CARTESIAN_POINT('',(-18.98829583206,6.23899395283,1.745454558671
    ));
#2961 = CARTESIAN_POINT('',(-18.98829582061,-6.238993942696,
    1.774545445249));
#2962 = CARTESIAN_POINT('',(-11.26672522603,-15.12846158153,
    1.80363636858));
#2963 = CARTESIAN_POINT('',(-0.910923855853,-17.2651566347,
    1.832727271787));
#2964 = CARTESIAN_POINT('',(7.56595334448,-13.48013537195,1.861818182137
    ));
#2965 = CARTESIAN_POINT('',(11.799999995564,-6.740144312922,
    1.890909091283));
#2966 = CARTESIAN_POINT('',(11.799999999758,-7.49421479E-09,
    1.920000000284));
#2967 = ADVANCED_FACE('',(#2968),#2974,.F.);
#2968 = FACE_BOUND('',#2969,.F.);
#2969 = EDGE_LOOP('',(#2970,#2971,#2972,#2973));
#2970 = ORIENTED_EDGE('',*,*,#2024,.F.);
#2971 = ORIENTED_EDGE('',*,*,#2938,.T.);
#2972 = ORIENTED_EDGE('',*,*,#2081,.T.);
#2973 = ORIENTED_EDGE('',*,*,#2066,.F.);
#2974 = B_SPLINE_SURFACE_WITH_KNOTS('',1,6,(
    (#2975,#2976,#2977,#2978,#2979,#2980,#2981)
    ,(#2982,#2983,#2984,#2985,#2986,#2987,#2988
  )),.UNSPECIFIED.,.F.,.F.,.F.,(2,2),(7,7),(-0.2,-0.),(0.,1.571305540076
    ),.PIECEWISE_BEZIER_KNOTS.);
#2975 = CARTESIAN_POINT('',(11.799999999758,-7.49353646E-09,
    1.720000000284));
#2976 = CARTESIAN_POINT('',(11.800000001911,3.089232714168,
    1.733333333293));
#2977 = CARTESIAN_POINT('',(10.829713349233,6.178202817392,
    1.746666667292));
#2978 = CARTESIAN_POINT('',(8.887643660348,8.887643655394,1.760000000201
    ));
#2979 = CARTESIAN_POINT('',(6.178202837944,10.82971334018,1.773333333269
    ));
#2980 = CARTESIAN_POINT('',(3.089232724443,11.799999997697,
    1.786666667166));
#2981 = CARTESIAN_POINT('',(7.33489685E-09,11.799999999816,
    1.800000000216));
#2982 = CARTESIAN_POINT('',(11.799999999758,-7.49353291E-09,
    1.920000000284));
#2983 = CARTESIAN_POINT('',(11.800000001911,3.089232714168,
    1.933333333294));
#2984 = CARTESIAN_POINT('',(10.829713349233,6.178202817392,
    1.946666667292));
#2985 = CARTESIAN_POINT('',(8.887643660349,8.887643655394,1.960000000201
    ));
#2986 = CARTESIAN_POINT('',(6.178202837944,10.82971334018,1.973333333269
    ));
#2987 = CARTESIAN_POINT('',(3.089232724443,11.799999997697,
    1.986666667166));
#2988 = CARTESIAN_POINT('',(7.3348933E-09,11.799999999816,2.000000000216
    ));
#2989 = ADVANCED_FACE('',(#2990,#2993),#3031,.F.);
#2990 = FACE_BOUND('',#2991,.T.);
#2991 = EDGE_LOOP('',(#2992));
#2992 = ORIENTED_EDGE('',*,*,#2514,.T.);
#2993 = FACE_BOUND('',#2994,.T.);
#2994 = EDGE_LOOP('',(#2995,#3006,#3015,#3024));
#2995 = ORIENTED_EDGE('',*,*,#2996,.F.);
#2996 = EDGE_CURVE('',#2997,#2999,#3001,.T.);
#2997 = VERTEX_POINT('',#2998);
#2998 = CARTESIAN_POINT('',(0.,12.,8.532088886238));
#2999 = VERTEX_POINT('',#3000);
#3000 = CARTESIAN_POINT('',(12.000000000753,-7.229568E-09,8.532088886238
    ));
#3001 = CIRCLE('',#3002,12.);
#3002 = AXIS2_PLACEMENT_3D('',#3003,#3004,#3005);
#3003 = CARTESIAN_POINT('',(0.,0.,8.532088886238));
#3004 = DIRECTION('',(0.,0.,-1.));
#3005 = DIRECTION('',(0.,1.,0.));
#3006 = ORIENTED_EDGE('',*,*,#3007,.F.);
#3007 = EDGE_CURVE('',#3008,#2997,#3010,.T.);
#3008 = VERTEX_POINT('',#3009);
#3009 = CARTESIAN_POINT('',(-10.24261394191,6.252113076655,8.53208888794
    ));
#3010 = CIRCLE('',#3011,12.);
#3011 = AXIS2_PLACEMENT_3D('',#3012,#3013,#3014);
#3012 = CARTESIAN_POINT('',(0.,0.,8.532088886238));
#3013 = DIRECTION('',(0.,0.,-1.));
#3014 = DIRECTION('',(0.,1.,0.));
#3015 = ORIENTED_EDGE('',*,*,#3016,.F.);
#3016 = EDGE_CURVE('',#3017,#3008,#3019,.T.);
#3017 = VERTEX_POINT('',#3018);
#3018 = CARTESIAN_POINT('',(2.821713152057,-11.66353031284,
    8.532088886231));
#3019 = CIRCLE('',#3020,12.);
#3020 = AXIS2_PLACEMENT_3D('',#3021,#3022,#3023);
#3021 = CARTESIAN_POINT('',(0.,0.,8.532088886238));
#3022 = DIRECTION('',(0.,0.,-1.));
#3023 = DIRECTION('',(0.,1.,0.));
#3024 = ORIENTED_EDGE('',*,*,#3025,.F.);
#3025 = EDGE_CURVE('',#2999,#3017,#3026,.T.);
#3026 = CIRCLE('',#3027,12.);
#3027 = AXIS2_PLACEMENT_3D('',#3028,#3029,#3030);
#3028 = CARTESIAN_POINT('',(0.,0.,8.532088886238));
#3029 = DIRECTION('',(0.,0.,-1.));
#3030 = DIRECTION('',(0.,1.,0.));
#3031 = PLANE('',#3032);
#3032 = AXIS2_PLACEMENT_3D('',#3033,#3034,#3035);
#3033 = CARTESIAN_POINT('',(0.,0.,8.532088886238));
#3034 = DIRECTION('',(-0.,-0.,-1.));
#3035 = DIRECTION('',(0.,1.,0.));
#3036 = ADVANCED_FACE('',(#3037),#3080,.T.);
#3037 = FACE_BOUND('',#3038,.T.);
#3038 = EDGE_LOOP('',(#3039,#3040,#3041,#3058,#3065));
#3039 = ORIENTED_EDGE('',*,*,#2704,.F.);
#3040 = ORIENTED_EDGE('',*,*,#2549,.T.);
#3041 = ORIENTED_EDGE('',*,*,#3042,.T.);
#3042 = EDGE_CURVE('',#2533,#3043,#3045,.T.);
#3043 = VERTEX_POINT('',#3044);
#3044 = CARTESIAN_POINT('',(12.200000001505,-7.230398E-09,8.60000000002)
  );
#3045 = B_SPLINE_CURVE_WITH_KNOTS('',11,(#3046,#3047,#3048,#3049,#3050,
    #3051,#3052,#3053,#3054,#3055,#3056,#3057),.UNSPECIFIED.,.F.,.F.,(12
    ,12),(0.,6.285222160302),.PIECEWISE_BEZIER_KNOTS.);
#3046 = CARTESIAN_POINT('',(12.200000046126,-7.47292201E-09,
    8.920000000551));
#3047 = CARTESIAN_POINT('',(12.199999946998,-6.968623797416,
    8.890909090312));
#3048 = CARTESIAN_POINT('',(7.822426608933,-13.93708911712,
    8.861818185502));
#3049 = CARTESIAN_POINT('',(-0.941803234835,-17.85041622157,
    8.832727263157));
#3050 = CARTESIAN_POINT('',(-11.64864709477,-15.64129083311,
    8.803636383209));
#3051 = CARTESIAN_POINT('',(-19.63196823163,-6.450485335449,
    8.774545428627));
#3052 = CARTESIAN_POINT('',(-19.63196560204,6.450485421072,
    8.745454571401));
#3053 = CARTESIAN_POINT('',(-11.64864912102,15.641290720848,
    8.716363618374));
#3054 = CARTESIAN_POINT('',(-0.941802034607,17.850416259658,
    8.687272736929));
#3055 = CARTESIAN_POINT('',(7.822426120626,13.937089133166,8.65818181505
    ));
#3056 = CARTESIAN_POINT('',(12.200000104263,6.96862378195,8.629090910303
    ));
#3057 = CARTESIAN_POINT('',(12.200000001505,-7.23018781E-09,
    8.60000000002));
#3058 = ORIENTED_EDGE('',*,*,#3059,.F.);
#3059 = EDGE_CURVE('',#3060,#3043,#3062,.T.);
#3060 = VERTEX_POINT('',#3061);
#3061 = CARTESIAN_POINT('',(12.000000001505,-7.229789E-09,8.60000000002)
  );
#3062 = B_SPLINE_CURVE_WITH_KNOTS('',1,(#3063,#3064),.UNSPECIFIED.,.F.,
  .F.,(2,2),(-0.2,-0.),.PIECEWISE_BEZIER_KNOTS.);
#3063 = CARTESIAN_POINT('',(12.000000001505,-7.22957782E-09,
    8.60000000002));
#3064 = CARTESIAN_POINT('',(12.200000001505,-7.23018781E-09,
    8.60000000002));
#3065 = ORIENTED_EDGE('',*,*,#3066,.F.);
#3066 = EDGE_CURVE('',#2705,#3060,#3067,.T.);
#3067 = B_SPLINE_CURVE_WITH_KNOTS('',11,(#3068,#3069,#3070,#3071,#3072,
    #3073,#3074,#3075,#3076,#3077,#3078,#3079),.UNSPECIFIED.,.F.,.F.,(12
    ,12),(0.,6.285222160302),.PIECEWISE_BEZIER_KNOTS.);
#3068 = CARTESIAN_POINT('',(12.000000046125,-7.4723548E-09,
    8.920000000551));
#3069 = CARTESIAN_POINT('',(11.999999946997,-6.854384064569,
    8.890909090311));
#3070 = CARTESIAN_POINT('',(7.694190111446,-13.70861224026,
    8.861818185504));
#3071 = CARTESIAN_POINT('',(-0.926363847688,-17.55778646619,
    8.832727263152));
#3072 = CARTESIAN_POINT('',(-11.45768565034,-15.38487619502,
    8.803636383219));
#3073 = CARTESIAN_POINT('',(-19.31013270927,-6.344739722901,
    8.774545428614));
#3074 = CARTESIAN_POINT('',(-19.31013007962,6.344739808525,
    8.745454571414));
#3075 = CARTESIAN_POINT('',(-11.45768767663,15.384876082748,
    8.716363618365));
#3076 = CARTESIAN_POINT('',(-0.92636264744,17.557786504285,
    8.687272736933));
#3077 = CARTESIAN_POINT('',(7.694189623131,13.708612256308,
    8.658181815048));
#3078 = CARTESIAN_POINT('',(12.000000104263,6.854384049105,
    8.629090910303));
#3079 = CARTESIAN_POINT('',(12.000000001505,-7.22957782E-09,
    8.60000000002));
#3080 = B_SPLINE_SURFACE_WITH_KNOTS('',1,11,(
    (#3081,#3082,#3083,#3084,#3085,#3086,#3087,#3088,#3089,#3090,#3091
      ,#3092)
    ,(#3093,#3094,#3095,#3096,#3097,#3098,#3099,#3100,#3101,#3102,#3103
      ,#3104
    )),.UNSPECIFIED.,.F.,.F.,.F.,(2,2),(12,12),(-0.2,-0.),(0.,
    6.285222160302),.PIECEWISE_BEZIER_KNOTS.);
#3081 = CARTESIAN_POINT('',(12.000000046125,-7.4723548E-09,
    8.920000000551));
#3082 = CARTESIAN_POINT('',(11.999999946997,-6.854384064569,
    8.890909090311));
#3083 = CARTESIAN_POINT('',(7.694190111446,-13.70861224026,
    8.861818185504));
#3084 = CARTESIAN_POINT('',(-0.926363847687,-17.55778646619,
    8.832727263152));
#3085 = CARTESIAN_POINT('',(-11.45768565034,-15.38487619502,
    8.803636383219));
#3086 = CARTESIAN_POINT('',(-19.31013270927,-6.344739722901,
    8.774545428614));
#3087 = CARTESIAN_POINT('',(-19.31013007962,6.344739808525,
    8.745454571414));
#3088 = CARTESIAN_POINT('',(-11.45768767663,15.384876082748,
    8.716363618365));
#3089 = CARTESIAN_POINT('',(-0.926362647443,17.557786504285,
    8.687272736933));
#3090 = CARTESIAN_POINT('',(7.694189623132,13.708612256308,
    8.658181815048));
#3091 = CARTESIAN_POINT('',(12.000000104263,6.854384049105,
    8.629090910303));
#3092 = CARTESIAN_POINT('',(12.000000001505,-7.22957782E-09,
    8.60000000002));
#3093 = CARTESIAN_POINT('',(12.200000046126,-7.47292201E-09,
    8.920000000551));
#3094 = CARTESIAN_POINT('',(12.199999946998,-6.968623797416,
    8.890909090312));
#3095 = CARTESIAN_POINT('',(7.822426608933,-13.93708911712,
    8.861818185502));
#3096 = CARTESIAN_POINT('',(-0.941803234835,-17.85041622157,
    8.832727263157));
#3097 = CARTESIAN_POINT('',(-11.64864709477,-15.64129083311,
    8.803636383209));
#3098 = CARTESIAN_POINT('',(-19.63196823163,-6.450485335449,
    8.774545428627));
#3099 = CARTESIAN_POINT('',(-19.63196560204,6.450485421072,
    8.745454571401));
#3100 = CARTESIAN_POINT('',(-11.64864912102,15.641290720848,
    8.716363618374));
#3101 = CARTESIAN_POINT('',(-0.941802034607,17.850416259658,
    8.687272736929));
#3102 = CARTESIAN_POINT('',(7.822426120626,13.937089133166,8.65818181505
    ));
#3103 = CARTESIAN_POINT('',(12.200000104263,6.96862378195,8.629090910303
    ));
#3104 = CARTESIAN_POINT('',(12.200000001505,-7.23018781E-09,
    8.60000000002));
#3105 = ADVANCED_FACE('',(#3106),#3133,.T.);
#3106 = FACE_BOUND('',#3107,.T.);
#3107 = EDGE_LOOP('',(#3108,#3109,#3110,#3111,#3128));
#3108 = ORIENTED_EDGE('',*,*,#2654,.F.);
#3109 = ORIENTED_EDGE('',*,*,#2619,.T.);
#3110 = ORIENTED_EDGE('',*,*,#2729,.T.);
#3111 = ORIENTED_EDGE('',*,*,#3112,.T.);
#3112 = EDGE_CURVE('',#2722,#3113,#3115,.T.);
#3113 = VERTEX_POINT('',#3114);
#3114 = CARTESIAN_POINT('',(12.000000046126,-7.472133E-09,8.72000000054)
  );
#3115 = B_SPLINE_CURVE_WITH_KNOTS('',11,(#3116,#3117,#3118,#3119,#3120,
    #3121,#3122,#3123,#3124,#3125,#3126,#3127),.UNSPECIFIED.,.F.,.F.,(12
    ,12),(0.,6.285222160302),.PIECEWISE_BEZIER_KNOTS.);
#3116 = CARTESIAN_POINT('',(12.00000002336,-8.58806719E-09,9.04000000027
    ));
#3117 = CARTESIAN_POINT('',(11.999999973231,-6.854384061924,
    9.010909090654));
#3118 = CARTESIAN_POINT('',(7.694190008444,-13.70861226991,
    8.981818184006));
#3119 = CARTESIAN_POINT('',(-0.926363544796,-17.5577864329,
    8.952727268494));
#3120 = CARTESIAN_POINT('',(-11.45768638708,-15.38487627391,
    8.923636371253));
#3121 = CARTESIAN_POINT('',(-19.31013149047,-6.344739530818,
    8.894545447207));
#3122 = CARTESIAN_POINT('',(-19.3101315531,6.344739618709,8.865454549868
    ));
#3123 = CARTESIAN_POINT('',(-11.45768634876,15.384876202484,
    8.836363636844));
#3124 = CARTESIAN_POINT('',(-0.926363512836,17.557786478984,
    8.807272725267));
#3125 = CARTESIAN_POINT('',(7.694190056544,13.708612247551,
    8.778181820426));
#3126 = CARTESIAN_POINT('',(11.999999952575,6.854384040929,
    8.749090908452));
#3127 = CARTESIAN_POINT('',(12.000000046126,-7.47169923E-09,
    8.72000000054));
#3128 = ORIENTED_EDGE('',*,*,#3129,.F.);
#3129 = EDGE_CURVE('',#2655,#3113,#3130,.T.);
#3130 = B_SPLINE_CURVE_WITH_KNOTS('',1,(#3131,#3132),.UNSPECIFIED.,.F.,
  .F.,(2,2),(-0.2,-0.),.PIECEWISE_BEZIER_KNOTS.);
#3131 = CARTESIAN_POINT('',(12.200000046126,-7.47226887E-09,
    8.72000000054));
#3132 = CARTESIAN_POINT('',(12.000000046126,-7.47169923E-09,
    8.72000000054));
#3133 = B_SPLINE_SURFACE_WITH_KNOTS('',1,11,(
    (#3134,#3135,#3136,#3137,#3138,#3139,#3140,#3141,#3142,#3143,#3144
      ,#3145)
    ,(#3146,#3147,#3148,#3149,#3150,#3151,#3152,#3153,#3154,#3155,#3156
      ,#3157
    )),.UNSPECIFIED.,.F.,.F.,.F.,(2,2),(12,12),(-0.2,-0.),(0.,
    6.285222160302),.PIECEWISE_BEZIER_KNOTS.);
#3134 = CARTESIAN_POINT('',(12.20000002336,-8.58843773E-09,9.04000000027
    ));
#3135 = CARTESIAN_POINT('',(12.199999973231,-6.968623794771,
    9.010909090654));
#3136 = CARTESIAN_POINT('',(7.822426505935,-13.93708914676,
    8.981818184005));
#3137 = CARTESIAN_POINT('',(-0.941802931957,-17.8504161883,
    8.952727268497));
#3138 = CARTESIAN_POINT('',(-11.64864783149,-15.64129091195,
    8.923636371249));
#3139 = CARTESIAN_POINT('',(-19.63196701288,-6.450485143436,
    8.89454544721));
#3140 = CARTESIAN_POINT('',(-19.63196707547,6.450485231328,
    8.865454549867));
#3141 = CARTESIAN_POINT('',(-11.64864779318,15.641290840528,
    8.836363636844));
#3142 = CARTESIAN_POINT('',(-0.941802899986,17.850416234387,
    8.807272725267));
#3143 = CARTESIAN_POINT('',(7.822426554034,13.937089124399,
    8.778181820426));
#3144 = CARTESIAN_POINT('',(12.199999952576,6.968623773776,
    8.749090908452));
#3145 = CARTESIAN_POINT('',(12.200000046126,-7.47226887E-09,
    8.72000000054));
#3146 = CARTESIAN_POINT('',(12.00000002336,-8.58806719E-09,9.04000000027
    ));
#3147 = CARTESIAN_POINT('',(11.999999973231,-6.854384061924,
    9.010909090654));
#3148 = CARTESIAN_POINT('',(7.694190008444,-13.70861226991,
    8.981818184006));
#3149 = CARTESIAN_POINT('',(-0.926363544796,-17.5577864329,
    8.952727268494));
#3150 = CARTESIAN_POINT('',(-11.45768638708,-15.38487627391,
    8.923636371253));
#3151 = CARTESIAN_POINT('',(-19.31013149047,-6.344739530818,
    8.894545447207));
#3152 = CARTESIAN_POINT('',(-19.3101315531,6.344739618709,8.865454549868
    ));
#3153 = CARTESIAN_POINT('',(-11.45768634876,15.384876202484,
    8.836363636844));
#3154 = CARTESIAN_POINT('',(-0.926363512836,17.557786478984,
    8.807272725267));
#3155 = CARTESIAN_POINT('',(7.694190056544,13.708612247551,
    8.778181820426));
#3156 = CARTESIAN_POINT('',(11.999999952575,6.854384040929,
    8.749090908452));
#3157 = CARTESIAN_POINT('',(12.000000046126,-7.47169923E-09,
    8.72000000054));
#3158 = ADVANCED_FACE('',(#3159),#3185,.T.);
#3159 = FACE_BOUND('',#3160,.T.);
#3160 = EDGE_LOOP('',(#3161,#3162,#3163,#3180));
#3161 = ORIENTED_EDGE('',*,*,#3042,.F.);
#3162 = ORIENTED_EDGE('',*,*,#2671,.T.);
#3163 = ORIENTED_EDGE('',*,*,#3164,.T.);
#3164 = EDGE_CURVE('',#2655,#3165,#3167,.T.);
#3165 = VERTEX_POINT('',#3166);
#3166 = CARTESIAN_POINT('',(12.200000001505,-7.230377E-09,8.400000000009
    ));
#3167 = B_SPLINE_CURVE_WITH_KNOTS('',11,(#3168,#3169,#3170,#3171,#3172,
    #3173,#3174,#3175,#3176,#3177,#3178,#3179),.UNSPECIFIED.,.F.,.F.,(12
    ,12),(0.,6.285222160302),.PIECEWISE_BEZIER_KNOTS.);
#3168 = CARTESIAN_POINT('',(12.200000046126,-7.47290739E-09,
    8.72000000054));
#3169 = CARTESIAN_POINT('',(12.199999946998,-6.968623797416,8.6909090903
    ));
#3170 = CARTESIAN_POINT('',(7.822426608932,-13.93708911712,
    8.661818185491));
#3171 = CARTESIAN_POINT('',(-0.941803234832,-17.85041622156,
    8.632727263143));
#3172 = CARTESIAN_POINT('',(-11.64864709478,-15.64129083312,
    8.603636383201));
#3173 = CARTESIAN_POINT('',(-19.63196823161,-6.450485335436,
    8.574545428612));
#3174 = CARTESIAN_POINT('',(-19.63196560206,6.450485421059,
    8.545454571392));
#3175 = CARTESIAN_POINT('',(-11.64864912101,15.641290720855,
    8.516363618361));
#3176 = CARTESIAN_POINT('',(-0.941802034613,17.850416259658,
    8.487272736918));
#3177 = CARTESIAN_POINT('',(7.822426120627,13.937089133165,
    8.458181815038));
#3178 = CARTESIAN_POINT('',(12.200000104263,6.96862378195,8.429090910291
    ));
#3179 = CARTESIAN_POINT('',(12.200000001505,-7.23015897E-09,
    8.400000000009));
#3180 = ORIENTED_EDGE('',*,*,#3181,.F.);
#3181 = EDGE_CURVE('',#3043,#3165,#3182,.T.);
#3182 = B_SPLINE_CURVE_WITH_KNOTS('',1,(#3183,#3184),.UNSPECIFIED.,.F.,
  .F.,(2,2),(-0.2,-0.),.PIECEWISE_BEZIER_KNOTS.);
#3183 = CARTESIAN_POINT('',(12.200000001505,-7.23018781E-09,
    8.60000000002));
#3184 = CARTESIAN_POINT('',(12.200000001505,-7.23015897E-09,
    8.400000000009));
#3185 = B_SPLINE_SURFACE_WITH_KNOTS('',1,11,(
    (#3186,#3187,#3188,#3189,#3190,#3191,#3192,#3193,#3194,#3195,#3196
      ,#3197)
    ,(#3198,#3199,#3200,#3201,#3202,#3203,#3204,#3205,#3206,#3207,#3208
      ,#3209
    )),.UNSPECIFIED.,.F.,.F.,.F.,(2,2),(12,12),(-0.2,-0.),(0.,
    6.285222160302),.PIECEWISE_BEZIER_KNOTS.);
#3186 = CARTESIAN_POINT('',(12.200000046126,-7.47292201E-09,
    8.920000000551));
#3187 = CARTESIAN_POINT('',(12.199999946998,-6.968623797416,
    8.890909090312));
#3188 = CARTESIAN_POINT('',(7.822426608933,-13.93708911712,
    8.861818185502));
#3189 = CARTESIAN_POINT('',(-0.941803234835,-17.85041622157,
    8.832727263157));
#3190 = CARTESIAN_POINT('',(-11.64864709477,-15.64129083311,
    8.803636383209));
#3191 = CARTESIAN_POINT('',(-19.63196823163,-6.450485335449,
    8.774545428627));
#3192 = CARTESIAN_POINT('',(-19.63196560204,6.450485421072,
    8.745454571401));
#3193 = CARTESIAN_POINT('',(-11.64864912102,15.641290720848,
    8.716363618374));
#3194 = CARTESIAN_POINT('',(-0.941802034607,17.850416259658,
    8.687272736929));
#3195 = CARTESIAN_POINT('',(7.822426120626,13.937089133166,8.65818181505
    ));
#3196 = CARTESIAN_POINT('',(12.200000104263,6.96862378195,8.629090910303
    ));
#3197 = CARTESIAN_POINT('',(12.200000001505,-7.23018781E-09,
    8.60000000002));
#3198 = CARTESIAN_POINT('',(12.200000046126,-7.47290739E-09,
    8.72000000054));
#3199 = CARTESIAN_POINT('',(12.199999946998,-6.968623797416,8.6909090903
    ));
#3200 = CARTESIAN_POINT('',(7.822426608932,-13.93708911712,
    8.661818185491));
#3201 = CARTESIAN_POINT('',(-0.94180323483,-17.85041622156,
    8.632727263143));
#3202 = CARTESIAN_POINT('',(-11.64864709478,-15.64129083312,
    8.603636383201));
#3203 = CARTESIAN_POINT('',(-19.63196823161,-6.450485335436,
    8.574545428612));
#3204 = CARTESIAN_POINT('',(-19.63196560206,6.450485421059,
    8.545454571392));
#3205 = CARTESIAN_POINT('',(-11.64864912101,15.641290720855,
    8.516363618361));
#3206 = CARTESIAN_POINT('',(-0.941802034614,17.850416259658,
    8.487272736918));
#3207 = CARTESIAN_POINT('',(7.822426120628,13.937089133165,
    8.458181815038));
#3208 = CARTESIAN_POINT('',(12.200000104263,6.96862378195,8.429090910291
    ));
#3209 = CARTESIAN_POINT('',(12.200000001505,-7.23015897E-09,
    8.400000000009));
#3210 = ADVANCED_FACE('',(#3211),#3247,.F.);
#3211 = FACE_BOUND('',#3212,.T.);
#3212 = EDGE_LOOP('',(#3213,#3214,#3229,#3230,#3231,#3232));
#3213 = ORIENTED_EDGE('',*,*,#3016,.T.);
#3214 = ORIENTED_EDGE('',*,*,#3215,.F.);
#3215 = EDGE_CURVE('',#3113,#3008,#3216,.T.);
#3216 = B_SPLINE_CURVE_WITH_KNOTS('',11,(#3217,#3218,#3219,#3220,#3221,
    #3222,#3223,#3224,#3225,#3226,#3227,#3228),.UNSPECIFIED.,.F.,.F.,(12
    ,12),(0.,6.285222160302),.PIECEWISE_BEZIER_KNOTS.);
#3217 = CARTESIAN_POINT('',(12.000000046125,-7.47234629E-09,
    8.72000000054));
#3218 = CARTESIAN_POINT('',(11.999999946998,-6.854384064569,8.6909090903
    ));
#3219 = CARTESIAN_POINT('',(7.694190111444,-13.70861224026,
    8.661818185493));
#3220 = CARTESIAN_POINT('',(-0.92636384768,-17.55778646618,
    8.632727263138));
#3221 = CARTESIAN_POINT('',(-11.45768565035,-15.38487619503,
    8.60363638321));
#3222 = CARTESIAN_POINT('',(-19.31013270924,-6.344739722897,
    8.574545428599));
#3223 = CARTESIAN_POINT('',(-19.31013007964,6.344739808525,
    8.545454571405));
#3224 = CARTESIAN_POINT('',(-11.45768767662,15.384876082746,
    8.516363618351));
#3225 = CARTESIAN_POINT('',(-0.926362647449,17.557786504286,
    8.487272736923));
#3226 = CARTESIAN_POINT('',(7.694189623134,13.708612256308,
    8.458181815036));
#3227 = CARTESIAN_POINT('',(12.000000104262,6.854384049105,
    8.429090910292));
#3228 = CARTESIAN_POINT('',(12.000000001505,-7.22954799E-09,
    8.400000000009));
#3229 = ORIENTED_EDGE('',*,*,#3112,.F.);
#3230 = ORIENTED_EDGE('',*,*,#2721,.F.);
#3231 = ORIENTED_EDGE('',*,*,#3066,.T.);
#3232 = ORIENTED_EDGE('',*,*,#3233,.T.);
#3233 = EDGE_CURVE('',#3060,#3017,#3234,.T.);
#3234 = B_SPLINE_CURVE_WITH_KNOTS('',11,(#3235,#3236,#3237,#3238,#3239,
    #3240,#3241,#3242,#3243,#3244,#3245,#3246),.UNSPECIFIED.,.F.,.F.,(12
    ,12),(0.,6.285222160302),.PIECEWISE_BEZIER_KNOTS.);
#3235 = CARTESIAN_POINT('',(12.000000001505,-7.22999324E-09,
    8.60000000002));
#3236 = CARTESIAN_POINT('',(11.999999902883,-6.854384046029,
    8.570909089819));
#3237 = CARTESIAN_POINT('',(7.694190225538,-13.7086122603,8.541818186475
    ));
#3238 = CARTESIAN_POINT('',(-0.926364090356,-17.55778640282,
    8.512727262396));
#3239 = CARTESIAN_POINT('',(-11.45768548577,-15.38487615968,
    8.483636378662));
#3240 = CARTESIAN_POINT('',(-19.31013243063,-6.344739680346,
    8.454545440175));
#3241 = CARTESIAN_POINT('',(-19.31013077594,6.344739749361,
    8.425454553888));
#3242 = CARTESIAN_POINT('',(-11.45768670154,15.38487609207,8.39636363461
    ));
#3243 = CARTESIAN_POINT('',(-0.926363401366,17.557786474668,
    8.367272725665));
#3244 = CARTESIAN_POINT('',(7.694190025154,13.708612218804,
    8.338181819999));
#3245 = CARTESIAN_POINT('',(11.999999929712,6.854384028997,8.3090909082)
  );
#3246 = CARTESIAN_POINT('',(12.000000024244,-5.9108506E-09,8.28000000029
    ));
#3247 = CYLINDRICAL_SURFACE('',#3248,12.);
#3248 = AXIS2_PLACEMENT_3D('',#3249,#3250,#3251);
#3249 = CARTESIAN_POINT('',(0.,0.,8.532088886238));
#3250 = DIRECTION('',(0.,0.,1.));
#3251 = DIRECTION('',(0.,1.,0.));
#3252 = ADVANCED_FACE('',(#3253),#3279,.T.);
#3253 = FACE_BOUND('',#3254,.T.);
#3254 = EDGE_LOOP('',(#3255,#3272,#3273,#3274));
#3255 = ORIENTED_EDGE('',*,*,#3256,.F.);
#3256 = EDGE_CURVE('',#3008,#3257,#3259,.T.);
#3257 = VERTEX_POINT('',#3258);
#3258 = CARTESIAN_POINT('',(12.000000001505,-7.229768E-09,8.400000000009
    ));
#3259 = B_SPLINE_CURVE_WITH_KNOTS('',11,(#3260,#3261,#3262,#3263,#3264,
    #3265,#3266,#3267,#3268,#3269,#3270,#3271),.UNSPECIFIED.,.F.,.F.,(12
    ,12),(0.,6.285222160302),.PIECEWISE_BEZIER_KNOTS.);
#3260 = CARTESIAN_POINT('',(12.000000046125,-7.47234629E-09,
    8.72000000054));
#3261 = CARTESIAN_POINT('',(11.999999946998,-6.854384064569,8.6909090903
    ));
#3262 = CARTESIAN_POINT('',(7.694190111444,-13.70861224026,
    8.661818185493));
#3263 = CARTESIAN_POINT('',(-0.92636384768,-17.55778646618,
    8.632727263138));
#3264 = CARTESIAN_POINT('',(-11.45768565035,-15.38487619503,
    8.60363638321));
#3265 = CARTESIAN_POINT('',(-19.31013270924,-6.344739722897,
    8.574545428599));
#3266 = CARTESIAN_POINT('',(-19.31013007964,6.344739808525,
    8.545454571405));
#3267 = CARTESIAN_POINT('',(-11.45768767662,15.384876082746,
    8.516363618351));
#3268 = CARTESIAN_POINT('',(-0.926362647449,17.557786504286,
    8.487272736923));
#3269 = CARTESIAN_POINT('',(7.694189623134,13.708612256308,
    8.458181815036));
#3270 = CARTESIAN_POINT('',(12.000000104262,6.854384049105,
    8.429090910292));
#3271 = CARTESIAN_POINT('',(12.000000001505,-7.22954799E-09,
    8.400000000009));
#3272 = ORIENTED_EDGE('',*,*,#3007,.T.);
#3273 = ORIENTED_EDGE('',*,*,#2996,.T.);
#3274 = ORIENTED_EDGE('',*,*,#3275,.F.);
#3275 = EDGE_CURVE('',#3257,#2999,#3276,.T.);
#3276 = B_SPLINE_CURVE_WITH_KNOTS('',1,(#3277,#3278),.UNSPECIFIED.,.F.,
  .F.,(2,2),(-0.2,-0.),.PIECEWISE_BEZIER_KNOTS.);
#3277 = CARTESIAN_POINT('',(12.000000001505,-7.22954799E-09,
    8.400000000009));
#3278 = CARTESIAN_POINT('',(12.000000001505,-7.22957782E-09,
    8.60000000002));
#3279 = B_SPLINE_SURFACE_WITH_KNOTS('',1,11,(
    (#3280,#3281,#3282,#3283,#3284,#3285,#3286,#3287,#3288,#3289,#3290
      ,#3291)
    ,(#3292,#3293,#3294,#3295,#3296,#3297,#3298,#3299,#3300,#3301,#3302
      ,#3303
    )),.UNSPECIFIED.,.F.,.F.,.F.,(2,2),(12,12),(-0.2,-0.),(0.,
    6.285222160302),.PIECEWISE_BEZIER_KNOTS.);
#3280 = CARTESIAN_POINT('',(12.000000046125,-7.47234629E-09,
    8.72000000054));
#3281 = CARTESIAN_POINT('',(11.999999946998,-6.854384064569,8.6909090903
    ));
#3282 = CARTESIAN_POINT('',(7.694190111444,-13.70861224026,
    8.661818185493));
#3283 = CARTESIAN_POINT('',(-0.92636384768,-17.55778646618,
    8.632727263138));
#3284 = CARTESIAN_POINT('',(-11.45768565035,-15.38487619503,
    8.60363638321));
#3285 = CARTESIAN_POINT('',(-19.31013270924,-6.344739722897,
    8.574545428599));
#3286 = CARTESIAN_POINT('',(-19.31013007964,6.344739808525,
    8.545454571405));
#3287 = CARTESIAN_POINT('',(-11.45768767662,15.384876082746,
    8.516363618351));
#3288 = CARTESIAN_POINT('',(-0.926362647449,17.557786504286,
    8.487272736923));
#3289 = CARTESIAN_POINT('',(7.694189623134,13.708612256308,
    8.458181815036));
#3290 = CARTESIAN_POINT('',(12.000000104262,6.854384049105,
    8.429090910292));
#3291 = CARTESIAN_POINT('',(12.000000001505,-7.22954799E-09,
    8.400000000009));
#3292 = CARTESIAN_POINT('',(12.000000046125,-7.4723548E-09,
    8.920000000551));
#3293 = CARTESIAN_POINT('',(11.999999946997,-6.854384064569,
    8.890909090311));
#3294 = CARTESIAN_POINT('',(7.694190111446,-13.70861224026,
    8.861818185504));
#3295 = CARTESIAN_POINT('',(-0.926363847688,-17.55778646619,
    8.832727263152));
#3296 = CARTESIAN_POINT('',(-11.45768565034,-15.38487619502,
    8.803636383219));
#3297 = CARTESIAN_POINT('',(-19.31013270927,-6.344739722901,
    8.774545428614));
#3298 = CARTESIAN_POINT('',(-19.31013007962,6.344739808525,
    8.745454571414));
#3299 = CARTESIAN_POINT('',(-11.45768767663,15.384876082748,
    8.716363618365));
#3300 = CARTESIAN_POINT('',(-0.92636264744,17.557786504285,
    8.687272736933));
#3301 = CARTESIAN_POINT('',(7.694189623131,13.708612256308,
    8.658181815048));
#3302 = CARTESIAN_POINT('',(12.000000104263,6.854384049105,
    8.629090910303));
#3303 = CARTESIAN_POINT('',(12.000000001505,-7.22957782E-09,
    8.60000000002));
#3304 = ADVANCED_FACE('',(#3305),#3348,.T.);
#3305 = FACE_BOUND('',#3306,.T.);
#3306 = EDGE_LOOP('',(#3307,#3324,#3325,#3326,#3343));
#3307 = ORIENTED_EDGE('',*,*,#3308,.F.);
#3308 = EDGE_CURVE('',#3257,#3309,#3311,.T.);
#3309 = VERTEX_POINT('',#3310);
#3310 = CARTESIAN_POINT('',(12.000000024245,-5.910581E-09,8.080000000278
    ));
#3311 = B_SPLINE_CURVE_WITH_KNOTS('',11,(#3312,#3313,#3314,#3315,#3316,
    #3317,#3318,#3319,#3320,#3321,#3322,#3323),.UNSPECIFIED.,.F.,.F.,(12
    ,12),(0.,6.285222160302),.PIECEWISE_BEZIER_KNOTS.);
#3312 = CARTESIAN_POINT('',(12.000000001505,-7.22995289E-09,
    8.400000000009));
#3313 = CARTESIAN_POINT('',(11.999999902883,-6.854384046029,
    8.370909089808));
#3314 = CARTESIAN_POINT('',(7.694190225541,-13.7086122603,8.341818186464
    ));
#3315 = CARTESIAN_POINT('',(-0.926364090368,-17.55778640281,
    8.312727262384));
#3316 = CARTESIAN_POINT('',(-11.45768548574,-15.38487615971,
    8.28363637865));
#3317 = CARTESIAN_POINT('',(-19.31013243067,-6.344739680304,
    8.254545440164));
#3318 = CARTESIAN_POINT('',(-19.3101307759,6.344739749321,8.225454553876
    ));
#3319 = CARTESIAN_POINT('',(-11.45768670157,15.384876092094,
    8.196363634599));
#3320 = CARTESIAN_POINT('',(-0.926363401357,17.557786474661,
    8.167272725652));
#3321 = CARTESIAN_POINT('',(7.694190025152,13.708612218805,
    8.138181819988));
#3322 = CARTESIAN_POINT('',(11.999999929713,6.854384028998,
    8.109090908188));
#3323 = CARTESIAN_POINT('',(12.000000024244,-5.91083157E-09,
    8.080000000278));
#3324 = ORIENTED_EDGE('',*,*,#3275,.T.);
#3325 = ORIENTED_EDGE('',*,*,#3025,.T.);
#3326 = ORIENTED_EDGE('',*,*,#3327,.T.);
#3327 = EDGE_CURVE('',#3017,#3328,#3330,.T.);
#3328 = VERTEX_POINT('',#3329);
#3329 = CARTESIAN_POINT('',(12.000000024245,-5.910603E-09,8.28000000029)
  );
#3330 = B_SPLINE_CURVE_WITH_KNOTS('',11,(#3331,#3332,#3333,#3334,#3335,
    #3336,#3337,#3338,#3339,#3340,#3341,#3342),.UNSPECIFIED.,.F.,.F.,(12
    ,12),(0.,6.285222160302),.PIECEWISE_BEZIER_KNOTS.);
#3331 = CARTESIAN_POINT('',(12.000000001505,-7.22999324E-09,
    8.60000000002));
#3332 = CARTESIAN_POINT('',(11.999999902883,-6.854384046029,
    8.570909089819));
#3333 = CARTESIAN_POINT('',(7.694190225538,-13.7086122603,8.541818186475
    ));
#3334 = CARTESIAN_POINT('',(-0.926364090356,-17.55778640282,
    8.512727262396));
#3335 = CARTESIAN_POINT('',(-11.45768548577,-15.38487615968,
    8.483636378662));
#3336 = CARTESIAN_POINT('',(-19.31013243063,-6.344739680346,
    8.454545440175));
#3337 = CARTESIAN_POINT('',(-19.31013077594,6.344739749361,
    8.425454553888));
#3338 = CARTESIAN_POINT('',(-11.45768670154,15.38487609207,8.39636363461
    ));
#3339 = CARTESIAN_POINT('',(-0.926363401366,17.557786474668,
    8.367272725665));
#3340 = CARTESIAN_POINT('',(7.694190025154,13.708612218804,
    8.338181819999));
#3341 = CARTESIAN_POINT('',(11.999999929712,6.854384028997,8.3090909082)
  );
#3342 = CARTESIAN_POINT('',(12.000000024244,-5.9108506E-09,8.28000000029
    ));
#3343 = ORIENTED_EDGE('',*,*,#3344,.F.);
#3344 = EDGE_CURVE('',#3309,#3328,#3345,.T.);
#3345 = B_SPLINE_CURVE_WITH_KNOTS('',1,(#3346,#3347),.UNSPECIFIED.,.F.,
  .F.,(2,2),(-0.2,-0.),.PIECEWISE_BEZIER_KNOTS.);
#3346 = CARTESIAN_POINT('',(12.000000024244,-5.91083157E-09,
    8.080000000278));
#3347 = CARTESIAN_POINT('',(12.000000024244,-5.9108506E-09,8.28000000029
    ));
#3348 = B_SPLINE_SURFACE_WITH_KNOTS('',1,11,(
    (#3349,#3350,#3351,#3352,#3353,#3354,#3355,#3356,#3357,#3358,#3359
      ,#3360)
    ,(#3361,#3362,#3363,#3364,#3365,#3366,#3367,#3368,#3369,#3370,#3371
      ,#3372
    )),.UNSPECIFIED.,.F.,.F.,.F.,(2,2),(12,12),(-0.2,-0.),(0.,
    6.285222160302),.PIECEWISE_BEZIER_KNOTS.);
#3349 = CARTESIAN_POINT('',(12.000000001505,-7.22995289E-09,
    8.400000000009));
#3350 = CARTESIAN_POINT('',(11.999999902883,-6.854384046029,
    8.370909089808));
#3351 = CARTESIAN_POINT('',(7.694190225541,-13.7086122603,8.341818186464
    ));
#3352 = CARTESIAN_POINT('',(-0.926364090368,-17.55778640281,
    8.312727262384));
#3353 = CARTESIAN_POINT('',(-11.45768548574,-15.38487615971,
    8.28363637865));
#3354 = CARTESIAN_POINT('',(-19.31013243067,-6.344739680304,
    8.254545440164));
#3355 = CARTESIAN_POINT('',(-19.3101307759,6.344739749321,8.225454553876
    ));
#3356 = CARTESIAN_POINT('',(-11.45768670157,15.384876092094,
    8.196363634599));
#3357 = CARTESIAN_POINT('',(-0.926363401357,17.557786474661,
    8.167272725652));
#3358 = CARTESIAN_POINT('',(7.694190025152,13.708612218805,
    8.138181819988));
#3359 = CARTESIAN_POINT('',(11.999999929713,6.854384028998,
    8.109090908188));
#3360 = CARTESIAN_POINT('',(12.000000024244,-5.91083157E-09,
    8.080000000278));
#3361 = CARTESIAN_POINT('',(12.000000001505,-7.22999324E-09,
    8.60000000002));
#3362 = CARTESIAN_POINT('',(11.999999902883,-6.854384046029,
    8.570909089819));
#3363 = CARTESIAN_POINT('',(7.694190225538,-13.7086122603,8.541818186475
    ));
#3364 = CARTESIAN_POINT('',(-0.926364090356,-17.55778640282,
    8.512727262396));
#3365 = CARTESIAN_POINT('',(-11.45768548577,-15.38487615968,
    8.483636378662));
#3366 = CARTESIAN_POINT('',(-19.31013243063,-6.344739680346,
    8.454545440175));
#3367 = CARTESIAN_POINT('',(-19.31013077594,6.344739749361,
    8.425454553888));
#3368 = CARTESIAN_POINT('',(-11.45768670154,15.38487609207,8.39636363461
    ));
#3369 = CARTESIAN_POINT('',(-0.926363401366,17.557786474668,
    8.367272725665));
#3370 = CARTESIAN_POINT('',(7.694190025154,13.708612218804,
    8.338181819999));
#3371 = CARTESIAN_POINT('',(11.999999929712,6.854384028997,8.3090909082)
  );
#3372 = CARTESIAN_POINT('',(12.000000024244,-5.9108506E-09,8.28000000029
    ));
#3373 = ADVANCED_FACE('',(#3374),#3401,.T.);
#3374 = FACE_BOUND('',#3375,.T.);
#3375 = EDGE_LOOP('',(#3376,#3377,#3378,#3395,#3400));
#3376 = ORIENTED_EDGE('',*,*,#3233,.F.);
#3377 = ORIENTED_EDGE('',*,*,#3059,.T.);
#3378 = ORIENTED_EDGE('',*,*,#3379,.T.);
#3379 = EDGE_CURVE('',#3043,#3380,#3382,.T.);
#3380 = VERTEX_POINT('',#3381);
#3381 = CARTESIAN_POINT('',(12.200000024245,-5.911434E-09,8.28000000029)
  );
#3382 = B_SPLINE_CURVE_WITH_KNOTS('',11,(#3383,#3384,#3385,#3386,#3387,
    #3388,#3389,#3390,#3391,#3392,#3393,#3394),.UNSPECIFIED.,.F.,.F.,(12
    ,12),(0.,6.285222160302),.PIECEWISE_BEZIER_KNOTS.);
#3383 = CARTESIAN_POINT('',(12.200000001505,-7.23058992E-09,
    8.60000000002));
#3384 = CARTESIAN_POINT('',(12.199999902883,-6.968623778876,
    8.570909089819));
#3385 = CARTESIAN_POINT('',(7.822426723027,-13.93708913715,
    8.541818186475));
#3386 = CARTESIAN_POINT('',(-0.941803477507,-17.85041615821,
    8.512727262396));
#3387 = CARTESIAN_POINT('',(-11.64864693021,-15.64129079775,
    8.483636378663));
#3388 = CARTESIAN_POINT('',(-19.63196795299,-6.450485292931,
    8.454545440172));
#3389 = CARTESIAN_POINT('',(-19.63196629837,6.450485361957,
    8.425454553893));
#3390 = CARTESIAN_POINT('',(-11.64864814593,15.641290730127,
    8.396363634605));
#3391 = CARTESIAN_POINT('',(-0.94180278853,17.850416230068,
    8.367272725668));
#3392 = CARTESIAN_POINT('',(7.822426522647,13.937089095652,
    8.338181819998));
#3393 = CARTESIAN_POINT('',(12.199999929713,6.968623761844,8.3090909082)
  );
#3394 = CARTESIAN_POINT('',(12.200000024244,-5.9116819E-09,8.28000000029
    ));
#3395 = ORIENTED_EDGE('',*,*,#3396,.F.);
#3396 = EDGE_CURVE('',#3328,#3380,#3397,.T.);
#3397 = B_SPLINE_CURVE_WITH_KNOTS('',1,(#3398,#3399),.UNSPECIFIED.,.F.,
  .F.,(2,2),(-0.2,-0.),.PIECEWISE_BEZIER_KNOTS.);
#3398 = CARTESIAN_POINT('',(12.000000024244,-5.91085195E-09,
    8.28000000029));
#3399 = CARTESIAN_POINT('',(12.200000024244,-5.9116819E-09,8.28000000029
    ));
#3400 = ORIENTED_EDGE('',*,*,#3327,.F.);
#3401 = B_SPLINE_SURFACE_WITH_KNOTS('',1,11,(
    (#3402,#3403,#3404,#3405,#3406,#3407,#3408,#3409,#3410,#3411,#3412
      ,#3413)
    ,(#3414,#3415,#3416,#3417,#3418,#3419,#3420,#3421,#3422,#3423,#3424
      ,#3425
    )),.UNSPECIFIED.,.F.,.F.,.F.,(2,2),(12,12),(-0.2,-0.),(0.,
    6.285222160302),.PIECEWISE_BEZIER_KNOTS.);
#3402 = CARTESIAN_POINT('',(12.000000001505,-7.22998037E-09,
    8.60000000002));
#3403 = CARTESIAN_POINT('',(11.999999902883,-6.854384046029,
    8.570909089819));
#3404 = CARTESIAN_POINT('',(7.694190225538,-13.7086122603,8.541818186475
    ));
#3405 = CARTESIAN_POINT('',(-0.926364090356,-17.55778640282,
    8.512727262396));
#3406 = CARTESIAN_POINT('',(-11.45768548577,-15.38487615968,
    8.483636378662));
#3407 = CARTESIAN_POINT('',(-19.31013243063,-6.344739680343,
    8.454545440175));
#3408 = CARTESIAN_POINT('',(-19.31013077594,6.344739749358,
    8.425454553888));
#3409 = CARTESIAN_POINT('',(-11.45768670154,15.384876092073,
    8.39636363461));
#3410 = CARTESIAN_POINT('',(-0.926363401366,17.557786474667,
    8.367272725665));
#3411 = CARTESIAN_POINT('',(7.694190025154,13.708612218804,
    8.338181819999));
#3412 = CARTESIAN_POINT('',(11.999999929712,6.854384028997,8.3090909082)
  );
#3413 = CARTESIAN_POINT('',(12.000000024244,-5.91085195E-09,
    8.28000000029));
#3414 = CARTESIAN_POINT('',(12.200000001505,-7.23058992E-09,
    8.60000000002));
#3415 = CARTESIAN_POINT('',(12.199999902883,-6.968623778876,
    8.570909089819));
#3416 = CARTESIAN_POINT('',(7.822426723027,-13.93708913715,
    8.541818186475));
#3417 = CARTESIAN_POINT('',(-0.941803477507,-17.85041615821,
    8.512727262396));
#3418 = CARTESIAN_POINT('',(-11.64864693021,-15.64129079775,
    8.483636378663));
#3419 = CARTESIAN_POINT('',(-19.63196795299,-6.450485292931,
    8.454545440172));
#3420 = CARTESIAN_POINT('',(-19.63196629837,6.450485361957,
    8.425454553893));
#3421 = CARTESIAN_POINT('',(-11.64864814593,15.641290730127,
    8.396363634605));
#3422 = CARTESIAN_POINT('',(-0.94180278853,17.850416230068,
    8.367272725668));
#3423 = CARTESIAN_POINT('',(7.822426522647,13.937089095652,
    8.338181819998));
#3424 = CARTESIAN_POINT('',(12.199999929713,6.968623761844,8.3090909082)
  );
#3425 = CARTESIAN_POINT('',(12.200000024244,-5.9116819E-09,8.28000000029
    ));
#3426 = ADVANCED_FACE('',(#3427),#3438,.T.);
#3427 = FACE_BOUND('',#3428,.T.);
#3428 = EDGE_LOOP('',(#3429,#3430,#3431,#3432,#3433));
#3429 = ORIENTED_EDGE('',*,*,#3164,.F.);
#3430 = ORIENTED_EDGE('',*,*,#3129,.T.);
#3431 = ORIENTED_EDGE('',*,*,#3215,.T.);
#3432 = ORIENTED_EDGE('',*,*,#3256,.T.);
#3433 = ORIENTED_EDGE('',*,*,#3434,.F.);
#3434 = EDGE_CURVE('',#3165,#3257,#3435,.T.);
#3435 = B_SPLINE_CURVE_WITH_KNOTS('',1,(#3436,#3437),.UNSPECIFIED.,.F.,
  .F.,(2,2),(-0.2,-0.),.PIECEWISE_BEZIER_KNOTS.);
#3436 = CARTESIAN_POINT('',(12.200000001505,-7.23015897E-09,
    8.400000000009));
#3437 = CARTESIAN_POINT('',(12.000000001505,-7.22954799E-09,
    8.400000000009));
#3438 = B_SPLINE_SURFACE_WITH_KNOTS('',1,11,(
    (#3439,#3440,#3441,#3442,#3443,#3444,#3445,#3446,#3447,#3448,#3449
      ,#3450)
    ,(#3451,#3452,#3453,#3454,#3455,#3456,#3457,#3458,#3459,#3460,#3461
      ,#3462
    )),.UNSPECIFIED.,.F.,.F.,.F.,(2,2),(12,12),(-0.2,-0.),(0.,
    6.285222160302),.PIECEWISE_BEZIER_KNOTS.);
#3439 = CARTESIAN_POINT('',(12.200000046126,-7.47290739E-09,
    8.72000000054));
#3440 = CARTESIAN_POINT('',(12.199999946998,-6.968623797416,8.6909090903
    ));
#3441 = CARTESIAN_POINT('',(7.822426608932,-13.93708911712,
    8.661818185491));
#3442 = CARTESIAN_POINT('',(-0.941803234832,-17.85041622156,
    8.632727263143));
#3443 = CARTESIAN_POINT('',(-11.64864709478,-15.64129083312,
    8.603636383201));
#3444 = CARTESIAN_POINT('',(-19.63196823161,-6.450485335436,
    8.574545428612));
#3445 = CARTESIAN_POINT('',(-19.63196560206,6.450485421059,
    8.545454571392));
#3446 = CARTESIAN_POINT('',(-11.64864912101,15.641290720855,
    8.516363618361));
#3447 = CARTESIAN_POINT('',(-0.941802034613,17.850416259658,
    8.487272736918));
#3448 = CARTESIAN_POINT('',(7.822426120627,13.937089133165,
    8.458181815038));
#3449 = CARTESIAN_POINT('',(12.200000104263,6.96862378195,8.429090910291
    ));
#3450 = CARTESIAN_POINT('',(12.200000001505,-7.23015897E-09,
    8.400000000009));
#3451 = CARTESIAN_POINT('',(12.000000046125,-7.47234629E-09,
    8.72000000054));
#3452 = CARTESIAN_POINT('',(11.999999946998,-6.854384064569,8.6909090903
    ));
#3453 = CARTESIAN_POINT('',(7.694190111444,-13.70861224026,
    8.661818185493));
#3454 = CARTESIAN_POINT('',(-0.92636384768,-17.55778646618,
    8.632727263138));
#3455 = CARTESIAN_POINT('',(-11.45768565035,-15.38487619503,
    8.60363638321));
#3456 = CARTESIAN_POINT('',(-19.31013270924,-6.344739722897,
    8.574545428599));
#3457 = CARTESIAN_POINT('',(-19.31013007964,6.344739808525,
    8.545454571405));
#3458 = CARTESIAN_POINT('',(-11.45768767662,15.384876082746,
    8.516363618351));
#3459 = CARTESIAN_POINT('',(-0.926362647449,17.557786504286,
    8.487272736923));
#3460 = CARTESIAN_POINT('',(7.694189623134,13.708612256308,
    8.458181815036));
#3461 = CARTESIAN_POINT('',(12.000000104262,6.854384049105,
    8.429090910292));
#3462 = CARTESIAN_POINT('',(12.000000001505,-7.22954799E-09,
    8.400000000009));
#3463 = ADVANCED_FACE('',(#3464),#3490,.T.);
#3464 = FACE_BOUND('',#3465,.T.);
#3465 = EDGE_LOOP('',(#3466,#3467,#3468,#3485));
#3466 = ORIENTED_EDGE('',*,*,#3379,.F.);
#3467 = ORIENTED_EDGE('',*,*,#3181,.T.);
#3468 = ORIENTED_EDGE('',*,*,#3469,.T.);
#3469 = EDGE_CURVE('',#3165,#3470,#3472,.T.);
#3470 = VERTEX_POINT('',#3471);
#3471 = CARTESIAN_POINT('',(12.200000024245,-5.911413E-09,8.080000000278
    ));
#3472 = B_SPLINE_CURVE_WITH_KNOTS('',11,(#3473,#3474,#3475,#3476,#3477,
    #3478,#3479,#3480,#3481,#3482,#3483,#3484),.UNSPECIFIED.,.F.,.F.,(12
    ,12),(0.,6.285222160302),.PIECEWISE_BEZIER_KNOTS.);
#3473 = CARTESIAN_POINT('',(12.200000001505,-7.23058089E-09,
    8.400000000009));
#3474 = CARTESIAN_POINT('',(12.199999902883,-6.968623778876,
    8.370909089808));
#3475 = CARTESIAN_POINT('',(7.82242672303,-13.93708913715,8.341818186464
    ));
#3476 = CARTESIAN_POINT('',(-0.94180347752,-17.8504161582,8.312727262384
    ));
#3477 = CARTESIAN_POINT('',(-11.64864693017,-15.64129079778,
    8.283636378651));
#3478 = CARTESIAN_POINT('',(-19.63196795304,-6.450485292891,
    8.254545440161));
#3479 = CARTESIAN_POINT('',(-19.63196629832,6.45048536192,8.22545455388)
  );
#3480 = CARTESIAN_POINT('',(-11.64864814596,15.641290730148,
    8.196363634594));
#3481 = CARTESIAN_POINT('',(-0.941802788517,17.850416230062,
    8.167272725656));
#3482 = CARTESIAN_POINT('',(7.822426522644,13.937089095653,
    8.138181819987));
#3483 = CARTESIAN_POINT('',(12.199999929713,6.968623761844,
    8.109090908189));
#3484 = CARTESIAN_POINT('',(12.200000024244,-5.91166577E-09,
    8.080000000278));
#3485 = ORIENTED_EDGE('',*,*,#3486,.F.);
#3486 = EDGE_CURVE('',#3380,#3470,#3487,.T.);
#3487 = B_SPLINE_CURVE_WITH_KNOTS('',1,(#3488,#3489),.UNSPECIFIED.,.F.,
  .F.,(2,2),(-0.2,-0.),.PIECEWISE_BEZIER_KNOTS.);
#3488 = CARTESIAN_POINT('',(12.200000024244,-5.9116819E-09,8.28000000029
    ));
#3489 = CARTESIAN_POINT('',(12.200000024244,-5.91165836E-09,
    8.080000000278));
#3490 = B_SPLINE_SURFACE_WITH_KNOTS('',1,11,(
    (#3491,#3492,#3493,#3494,#3495,#3496,#3497,#3498,#3499,#3500,#3501
      ,#3502)
    ,(#3503,#3504,#3505,#3506,#3507,#3508,#3509,#3510,#3511,#3512,#3513
      ,#3514
    )),.UNSPECIFIED.,.F.,.F.,.F.,(2,2),(12,12),(-0.2,-0.),(0.,
    6.285222160302),.PIECEWISE_BEZIER_KNOTS.);
#3491 = CARTESIAN_POINT('',(12.200000001505,-7.23058992E-09,
    8.60000000002));
#3492 = CARTESIAN_POINT('',(12.199999902883,-6.968623778876,
    8.570909089819));
#3493 = CARTESIAN_POINT('',(7.822426723027,-13.93708913715,
    8.541818186475));
#3494 = CARTESIAN_POINT('',(-0.941803477507,-17.85041615821,
    8.512727262396));
#3495 = CARTESIAN_POINT('',(-11.64864693021,-15.64129079775,
    8.483636378663));
#3496 = CARTESIAN_POINT('',(-19.63196795299,-6.450485292931,
    8.454545440172));
#3497 = CARTESIAN_POINT('',(-19.63196629837,6.450485361957,
    8.425454553893));
#3498 = CARTESIAN_POINT('',(-11.64864814593,15.641290730127,
    8.396363634605));
#3499 = CARTESIAN_POINT('',(-0.94180278853,17.850416230068,
    8.367272725668));
#3500 = CARTESIAN_POINT('',(7.822426522647,13.937089095652,
    8.338181819998));
#3501 = CARTESIAN_POINT('',(12.199999929713,6.968623761844,8.3090909082)
  );
#3502 = CARTESIAN_POINT('',(12.200000024244,-5.9116819E-09,8.28000000029
    ));
#3503 = CARTESIAN_POINT('',(12.200000001505,-7.23056638E-09,
    8.400000000009));
#3504 = CARTESIAN_POINT('',(12.199999902883,-6.968623778876,
    8.370909089808));
#3505 = CARTESIAN_POINT('',(7.82242672303,-13.93708913715,8.341818186464
    ));
#3506 = CARTESIAN_POINT('',(-0.941803477521,-17.8504161582,
    8.312727262384));
#3507 = CARTESIAN_POINT('',(-11.64864693017,-15.64129079778,
    8.283636378651));
#3508 = CARTESIAN_POINT('',(-19.63196795304,-6.450485292896,
    8.254545440161));
#3509 = CARTESIAN_POINT('',(-19.63196629832,6.450485361926,8.22545455388
    ));
#3510 = CARTESIAN_POINT('',(-11.64864814596,15.641290730143,
    8.196363634594));
#3511 = CARTESIAN_POINT('',(-0.941802788516,17.850416230065,
    8.167272725656));
#3512 = CARTESIAN_POINT('',(7.822426522644,13.937089095652,
    8.138181819987));
#3513 = CARTESIAN_POINT('',(12.199999929713,6.968623761844,
    8.109090908189));
#3514 = CARTESIAN_POINT('',(12.200000024244,-5.91165836E-09,
    8.080000000278));
#3515 = ADVANCED_FACE('',(#3516),#3526,.T.);
#3516 = FACE_BOUND('',#3517,.T.);
#3517 = EDGE_LOOP('',(#3518,#3519,#3520,#3521));
#3518 = ORIENTED_EDGE('',*,*,#3469,.F.);
#3519 = ORIENTED_EDGE('',*,*,#3434,.T.);
#3520 = ORIENTED_EDGE('',*,*,#3308,.T.);
#3521 = ORIENTED_EDGE('',*,*,#3522,.F.);
#3522 = EDGE_CURVE('',#3470,#3309,#3523,.T.);
#3523 = B_SPLINE_CURVE_WITH_KNOTS('',1,(#3524,#3525),.UNSPECIFIED.,.F.,
  .F.,(2,2),(-0.2,-0.),.PIECEWISE_BEZIER_KNOTS.);
#3524 = CARTESIAN_POINT('',(12.200000024244,-5.91166577E-09,
    8.080000000278));
#3525 = CARTESIAN_POINT('',(12.000000024244,-5.91083157E-09,
    8.080000000278));
#3526 = B_SPLINE_SURFACE_WITH_KNOTS('',1,11,(
    (#3527,#3528,#3529,#3530,#3531,#3532,#3533,#3534,#3535,#3536,#3537
      ,#3538)
    ,(#3539,#3540,#3541,#3542,#3543,#3544,#3545,#3546,#3547,#3548,#3549
      ,#3550
    )),.UNSPECIFIED.,.F.,.F.,.F.,(2,2),(12,12),(-0.2,-0.),(0.,
    6.285222160302),.PIECEWISE_BEZIER_KNOTS.);
#3527 = CARTESIAN_POINT('',(12.200000001505,-7.23058089E-09,
    8.400000000009));
#3528 = CARTESIAN_POINT('',(12.199999902883,-6.968623778876,
    8.370909089808));
#3529 = CARTESIAN_POINT('',(7.82242672303,-13.93708913715,8.341818186464
    ));
#3530 = CARTESIAN_POINT('',(-0.94180347752,-17.8504161582,8.312727262384
    ));
#3531 = CARTESIAN_POINT('',(-11.64864693017,-15.64129079778,
    8.283636378651));
#3532 = CARTESIAN_POINT('',(-19.63196795304,-6.450485292891,
    8.254545440161));
#3533 = CARTESIAN_POINT('',(-19.63196629832,6.45048536192,8.22545455388)
  );
#3534 = CARTESIAN_POINT('',(-11.64864814596,15.641290730148,
    8.196363634594));
#3535 = CARTESIAN_POINT('',(-0.941802788517,17.850416230062,
    8.167272725656));
#3536 = CARTESIAN_POINT('',(7.822426522644,13.937089095653,
    8.138181819987));
#3537 = CARTESIAN_POINT('',(12.199999929713,6.968623761844,
    8.109090908189));
#3538 = CARTESIAN_POINT('',(12.200000024244,-5.91166577E-09,
    8.080000000278));
#3539 = CARTESIAN_POINT('',(12.000000001505,-7.22995289E-09,
    8.400000000009));
#3540 = CARTESIAN_POINT('',(11.999999902883,-6.854384046029,
    8.370909089808));
#3541 = CARTESIAN_POINT('',(7.694190225541,-13.7086122603,8.341818186464
    ));
#3542 = CARTESIAN_POINT('',(-0.926364090368,-17.55778640281,
    8.312727262384));
#3543 = CARTESIAN_POINT('',(-11.45768548574,-15.38487615971,
    8.28363637865));
#3544 = CARTESIAN_POINT('',(-19.31013243067,-6.344739680304,
    8.254545440164));
#3545 = CARTESIAN_POINT('',(-19.3101307759,6.344739749321,8.225454553876
    ));
#3546 = CARTESIAN_POINT('',(-11.45768670157,15.384876092094,
    8.196363634599));
#3547 = CARTESIAN_POINT('',(-0.926363401357,17.557786474661,
    8.167272725652));
#3548 = CARTESIAN_POINT('',(7.694190025152,13.708612218805,
    8.138181819988));
#3549 = CARTESIAN_POINT('',(11.999999929713,6.854384028998,
    8.109090908188));
#3550 = CARTESIAN_POINT('',(12.000000024244,-5.91083157E-09,
    8.080000000278));
#3551 = ADVANCED_FACE('',(#3552),#3584,.T.);
#3552 = FACE_BOUND('',#3553,.T.);
#3553 = EDGE_LOOP('',(#3554,#3566,#3567,#3579));
#3554 = ORIENTED_EDGE('',*,*,#3555,.F.);
#3555 = EDGE_CURVE('',#3309,#3556,#3558,.T.);
#3556 = VERTEX_POINT('',#3557);
#3557 = CARTESIAN_POINT('',(-5.760816E-09,-11.99999991739,7.99999999901)
  );
#3558 = B_SPLINE_CURVE_WITH_KNOTS('',6,(#3559,#3560,#3561,#3562,#3563,
    #3564,#3565),.UNSPECIFIED.,.F.,.F.,(7,7),(0.,1.571305540076),
  .PIECEWISE_BEZIER_KNOTS.);
#3559 = CARTESIAN_POINT('',(12.000000024244,-5.91043658E-09,
    8.080000000278));
#3560 = CARTESIAN_POINT('',(11.99999987087,-3.141592595507,
    8.066666665135));
#3561 = CARTESIAN_POINT('',(11.013267899373,-6.282918085368,
    8.053333334077));
#3562 = CARTESIAN_POINT('',(9.038281574922,-9.038281748615,
    8.039999999628));
#3563 = CARTESIAN_POINT('',(6.282918148901,-11.01326766598,
    8.026666665239));
#3564 = CARTESIAN_POINT('',(3.141592578631,-12.0000000703,8.013333334148
    ));
#3565 = CARTESIAN_POINT('',(-5.76081614E-09,-11.99999991739,
    7.99999999901));
#3566 = ORIENTED_EDGE('',*,*,#3344,.T.);
#3567 = ORIENTED_EDGE('',*,*,#3568,.T.);
#3568 = EDGE_CURVE('',#3328,#3569,#3571,.T.);
#3569 = VERTEX_POINT('',#3570);
#3570 = CARTESIAN_POINT('',(-5.760837E-09,-11.99999991739,8.199999999022
    ));
#3571 = B_SPLINE_CURVE_WITH_KNOTS('',6,(#3572,#3573,#3574,#3575,#3576,
    #3577,#3578),.UNSPECIFIED.,.F.,.F.,(7,7),(0.,1.571305540076),
  .PIECEWISE_BEZIER_KNOTS.);
#3572 = CARTESIAN_POINT('',(12.000000024244,-5.91045612E-09,
    8.28000000029));
#3573 = CARTESIAN_POINT('',(11.99999987087,-3.141592595507,
    8.266666665146));
#3574 = CARTESIAN_POINT('',(11.013267899373,-6.282918085368,
    8.253333334089));
#3575 = CARTESIAN_POINT('',(9.038281574921,-9.038281748615,8.23999999964
    ));
#3576 = CARTESIAN_POINT('',(6.282918148901,-11.01326766598,8.22666666525
    ));
#3577 = CARTESIAN_POINT('',(3.141592578631,-12.0000000703,8.21333333416)
  );
#3578 = CARTESIAN_POINT('',(-5.76083746E-09,-11.99999991739,
    8.199999999022));
#3579 = ORIENTED_EDGE('',*,*,#3580,.F.);
#3580 = EDGE_CURVE('',#3556,#3569,#3581,.T.);
#3581 = B_SPLINE_CURVE_WITH_KNOTS('',1,(#3582,#3583),.UNSPECIFIED.,.F.,
  .F.,(2,2),(-0.2,-0.),.PIECEWISE_BEZIER_KNOTS.);
#3582 = CARTESIAN_POINT('',(-5.76081614E-09,-11.99999991739,
    7.99999999901));
#3583 = CARTESIAN_POINT('',(-5.76083746E-09,-11.99999991739,
    8.199999999022));
#3584 = B_SPLINE_SURFACE_WITH_KNOTS('',1,6,(
    (#3585,#3586,#3587,#3588,#3589,#3590,#3591)
    ,(#3592,#3593,#3594,#3595,#3596,#3597,#3598
  )),.UNSPECIFIED.,.F.,.F.,.F.,(2,2),(7,7),(-0.2,-0.),(0.,1.571305540076
    ),.PIECEWISE_BEZIER_KNOTS.);
#3585 = CARTESIAN_POINT('',(12.000000024244,-5.91043658E-09,
    8.080000000278));
#3586 = CARTESIAN_POINT('',(11.99999987087,-3.141592595507,
    8.066666665135));
#3587 = CARTESIAN_POINT('',(11.013267899373,-6.282918085368,
    8.053333334077));
#3588 = CARTESIAN_POINT('',(9.038281574922,-9.038281748615,
    8.039999999628));
#3589 = CARTESIAN_POINT('',(6.282918148901,-11.01326766598,
    8.026666665239));
#3590 = CARTESIAN_POINT('',(3.141592578631,-12.0000000703,8.013333334148
    ));
#3591 = CARTESIAN_POINT('',(-5.76081614E-09,-11.99999991739,
    7.99999999901));
#3592 = CARTESIAN_POINT('',(12.000000024244,-5.91045612E-09,
    8.28000000029));
#3593 = CARTESIAN_POINT('',(11.99999987087,-3.141592595507,
    8.266666665146));
#3594 = CARTESIAN_POINT('',(11.013267899373,-6.282918085368,
    8.253333334089));
#3595 = CARTESIAN_POINT('',(9.038281574921,-9.038281748615,8.23999999964
    ));
#3596 = CARTESIAN_POINT('',(6.282918148901,-11.01326766598,8.22666666525
    ));
#3597 = CARTESIAN_POINT('',(3.141592578631,-12.0000000703,8.21333333416)
  );
#3598 = CARTESIAN_POINT('',(-5.76083746E-09,-11.99999991739,
    8.199999999022));
#3599 = ADVANCED_FACE('',(#3600),#3621,.T.);
#3600 = FACE_BOUND('',#3601,.T.);
#3601 = EDGE_LOOP('',(#3602,#3603,#3604,#3616));
#3602 = ORIENTED_EDGE('',*,*,#3568,.F.);
#3603 = ORIENTED_EDGE('',*,*,#3396,.T.);
#3604 = ORIENTED_EDGE('',*,*,#3605,.T.);
#3605 = EDGE_CURVE('',#3380,#3606,#3608,.T.);
#3606 = VERTEX_POINT('',#3607);
#3607 = CARTESIAN_POINT('',(-5.76169E-09,-12.19999991739,8.199999999022)
  );
#3608 = B_SPLINE_CURVE_WITH_KNOTS('',6,(#3609,#3610,#3611,#3612,#3613,
    #3614,#3615),.UNSPECIFIED.,.F.,.F.,(7,7),(0.,1.571305540076),
  .PIECEWISE_BEZIER_KNOTS.);
#3609 = CARTESIAN_POINT('',(12.200000024244,-5.91128568E-09,
    8.28000000029));
#3610 = CARTESIAN_POINT('',(12.19999987087,-3.193952473077,
    8.266666665147));
#3611 = CARTESIAN_POINT('',(11.196822362161,-6.38763338549,
    8.253333334088));
#3612 = CARTESIAN_POINT('',(9.188919604869,-9.188919778561,8.23999999964
    ));
#3613 = CARTESIAN_POINT('',(6.387633449019,-11.19682212877,
    8.226666665251));
#3614 = CARTESIAN_POINT('',(3.1939524562,-12.2000000703,8.21333333416));
#3615 = CARTESIAN_POINT('',(-5.76169014E-09,-12.19999991739,
    8.199999999022));
#3616 = ORIENTED_EDGE('',*,*,#3617,.F.);
#3617 = EDGE_CURVE('',#3569,#3606,#3618,.T.);
#3618 = B_SPLINE_CURVE_WITH_KNOTS('',1,(#3619,#3620),.UNSPECIFIED.,.F.,
  .F.,(2,2),(-0.2,-0.),.PIECEWISE_BEZIER_KNOTS.);
#3619 = CARTESIAN_POINT('',(-5.76083746E-09,-11.99999991739,
    8.199999999022));
#3620 = CARTESIAN_POINT('',(-5.76169014E-09,-12.19999991739,
    8.199999999022));
#3621 = B_SPLINE_SURFACE_WITH_KNOTS('',1,6,(
    (#3622,#3623,#3624,#3625,#3626,#3627,#3628)
    ,(#3629,#3630,#3631,#3632,#3633,#3634,#3635
  )),.UNSPECIFIED.,.F.,.F.,.F.,(2,2),(7,7),(-0.2,-0.),(0.,1.571305540076
    ),.PIECEWISE_BEZIER_KNOTS.);
#3622 = CARTESIAN_POINT('',(12.000000024244,-5.91045612E-09,
    8.28000000029));
#3623 = CARTESIAN_POINT('',(11.99999987087,-3.141592595507,
    8.266666665146));
#3624 = CARTESIAN_POINT('',(11.013267899373,-6.282918085368,
    8.253333334089));
#3625 = CARTESIAN_POINT('',(9.038281574921,-9.038281748615,8.23999999964
    ));
#3626 = CARTESIAN_POINT('',(6.282918148901,-11.01326766598,8.22666666525
    ));
#3627 = CARTESIAN_POINT('',(3.141592578631,-12.0000000703,8.21333333416)
  );
#3628 = CARTESIAN_POINT('',(-5.76083746E-09,-11.99999991739,
    8.199999999022));
#3629 = CARTESIAN_POINT('',(12.200000024244,-5.91128568E-09,
    8.28000000029));
#3630 = CARTESIAN_POINT('',(12.19999987087,-3.193952473077,
    8.266666665147));
#3631 = CARTESIAN_POINT('',(11.196822362161,-6.38763338549,
    8.253333334088));
#3632 = CARTESIAN_POINT('',(9.188919604869,-9.188919778561,8.23999999964
    ));
#3633 = CARTESIAN_POINT('',(6.387633449019,-11.19682212877,
    8.226666665251));
#3634 = CARTESIAN_POINT('',(3.1939524562,-12.2000000703,8.21333333416));
#3635 = CARTESIAN_POINT('',(-5.76169014E-09,-12.19999991739,
    8.199999999022));
#3636 = ADVANCED_FACE('',(#3637),#3658,.T.);
#3637 = FACE_BOUND('',#3638,.T.);
#3638 = EDGE_LOOP('',(#3639,#3640,#3641,#3653));
#3639 = ORIENTED_EDGE('',*,*,#3605,.F.);
#3640 = ORIENTED_EDGE('',*,*,#3486,.T.);
#3641 = ORIENTED_EDGE('',*,*,#3642,.T.);
#3642 = EDGE_CURVE('',#3470,#3643,#3645,.T.);
#3643 = VERTEX_POINT('',#3644);
#3644 = CARTESIAN_POINT('',(-5.761667E-09,-12.19999991739,7.99999999901)
  );
#3645 = B_SPLINE_CURVE_WITH_KNOTS('',6,(#3646,#3647,#3648,#3649,#3650,
    #3651,#3652),.UNSPECIFIED.,.F.,.F.,(7,7),(0.,1.571305540076),
  .PIECEWISE_BEZIER_KNOTS.);
#3646 = CARTESIAN_POINT('',(12.200000024244,-5.91126792E-09,
    8.080000000278));
#3647 = CARTESIAN_POINT('',(12.19999987087,-3.193952473077,
    8.066666665135));
#3648 = CARTESIAN_POINT('',(11.196822362162,-6.38763338549,
    8.053333334076));
#3649 = CARTESIAN_POINT('',(9.188919604869,-9.188919778561,
    8.039999999628));
#3650 = CARTESIAN_POINT('',(6.38763344902,-11.19682212877,8.026666665239
    ));
#3651 = CARTESIAN_POINT('',(3.1939524562,-12.2000000703,8.013333334148)
  );
#3652 = CARTESIAN_POINT('',(-5.7616706E-09,-12.19999991739,7.99999999901
    ));
#3653 = ORIENTED_EDGE('',*,*,#3654,.F.);
#3654 = EDGE_CURVE('',#3606,#3643,#3655,.T.);
#3655 = B_SPLINE_CURVE_WITH_KNOTS('',1,(#3656,#3657),.UNSPECIFIED.,.F.,
  .F.,(2,2),(-0.2,-0.),.PIECEWISE_BEZIER_KNOTS.);
#3656 = CARTESIAN_POINT('',(-5.76169014E-09,-12.19999991739,
    8.199999999022));
#3657 = CARTESIAN_POINT('',(-5.76166705E-09,-12.19999991739,
    7.99999999901));
#3658 = B_SPLINE_SURFACE_WITH_KNOTS('',1,6,(
    (#3659,#3660,#3661,#3662,#3663,#3664,#3665)
    ,(#3666,#3667,#3668,#3669,#3670,#3671,#3672
  )),.UNSPECIFIED.,.F.,.F.,.F.,(2,2),(7,7),(-0.2,-0.),(0.,1.571305540076
    ),.PIECEWISE_BEZIER_KNOTS.);
#3659 = CARTESIAN_POINT('',(12.200000024244,-5.91128568E-09,
    8.28000000029));
#3660 = CARTESIAN_POINT('',(12.19999987087,-3.193952473077,
    8.266666665147));
#3661 = CARTESIAN_POINT('',(11.196822362161,-6.38763338549,
    8.253333334088));
#3662 = CARTESIAN_POINT('',(9.188919604869,-9.188919778561,8.23999999964
    ));
#3663 = CARTESIAN_POINT('',(6.387633449019,-11.19682212877,
    8.226666665251));
#3664 = CARTESIAN_POINT('',(3.1939524562,-12.2000000703,8.21333333416));
#3665 = CARTESIAN_POINT('',(-5.76169014E-09,-12.19999991739,
    8.199999999022));
#3666 = CARTESIAN_POINT('',(12.200000024244,-5.91126792E-09,
    8.080000000278));
#3667 = CARTESIAN_POINT('',(12.19999987087,-3.193952473077,
    8.066666665135));
#3668 = CARTESIAN_POINT('',(11.196822362162,-6.38763338549,
    8.053333334076));
#3669 = CARTESIAN_POINT('',(9.188919604869,-9.188919778561,
    8.039999999628));
#3670 = CARTESIAN_POINT('',(6.38763344902,-11.19682212877,8.026666665239
    ));
#3671 = CARTESIAN_POINT('',(3.1939524562,-12.2000000703,8.013333334148)
  );
#3672 = CARTESIAN_POINT('',(-5.76166705E-09,-12.19999991739,
    7.99999999901));
#3673 = ADVANCED_FACE('',(#3674),#3684,.T.);
#3674 = FACE_BOUND('',#3675,.T.);
#3675 = EDGE_LOOP('',(#3676,#3677,#3678,#3679));
#3676 = ORIENTED_EDGE('',*,*,#3642,.F.);
#3677 = ORIENTED_EDGE('',*,*,#3522,.T.);
#3678 = ORIENTED_EDGE('',*,*,#3555,.T.);
#3679 = ORIENTED_EDGE('',*,*,#3680,.F.);
#3680 = EDGE_CURVE('',#3643,#3556,#3681,.T.);
#3681 = B_SPLINE_CURVE_WITH_KNOTS('',1,(#3682,#3683),.UNSPECIFIED.,.F.,
  .F.,(2,2),(-0.2,-0.),.PIECEWISE_BEZIER_KNOTS.);
#3682 = CARTESIAN_POINT('',(-5.7616706E-09,-12.19999991739,7.99999999901
    ));
#3683 = CARTESIAN_POINT('',(-5.76081614E-09,-11.99999991739,
    7.99999999901));
#3684 = B_SPLINE_SURFACE_WITH_KNOTS('',1,6,(
    (#3685,#3686,#3687,#3688,#3689,#3690,#3691)
    ,(#3692,#3693,#3694,#3695,#3696,#3697,#3698
  )),.UNSPECIFIED.,.F.,.F.,.F.,(2,2),(7,7),(-0.2,-0.),(0.,1.571305540076
    ),.PIECEWISE_BEZIER_KNOTS.);
#3685 = CARTESIAN_POINT('',(12.200000024244,-5.91126792E-09,
    8.080000000278));
#3686 = CARTESIAN_POINT('',(12.19999987087,-3.193952473077,
    8.066666665135));
#3687 = CARTESIAN_POINT('',(11.196822362162,-6.38763338549,
    8.053333334076));
#3688 = CARTESIAN_POINT('',(9.188919604869,-9.188919778561,
    8.039999999628));
#3689 = CARTESIAN_POINT('',(6.38763344902,-11.19682212877,8.026666665239
    ));
#3690 = CARTESIAN_POINT('',(3.1939524562,-12.2000000703,8.013333334148)
  );
#3691 = CARTESIAN_POINT('',(-5.7616706E-09,-12.19999991739,7.99999999901
    ));
#3692 = CARTESIAN_POINT('',(12.000000024244,-5.91043658E-09,
    8.080000000278));
#3693 = CARTESIAN_POINT('',(11.99999987087,-3.141592595507,
    8.066666665135));
#3694 = CARTESIAN_POINT('',(11.013267899373,-6.282918085368,
    8.053333334077));
#3695 = CARTESIAN_POINT('',(9.038281574922,-9.038281748615,
    8.039999999628));
#3696 = CARTESIAN_POINT('',(6.282918148901,-11.01326766598,
    8.026666665239));
#3697 = CARTESIAN_POINT('',(3.141592578631,-12.0000000703,8.013333334148
    ));
#3698 = CARTESIAN_POINT('',(-5.76081614E-09,-11.99999991739,
    7.99999999901));
#3699 = ADVANCED_FACE('',(#3700),#3706,.T.);
#3700 = FACE_BOUND('',#3701,.F.);
#3701 = EDGE_LOOP('',(#3702,#3703,#3704,#3705));
#3702 = ORIENTED_EDGE('',*,*,#3680,.F.);
#3703 = ORIENTED_EDGE('',*,*,#3654,.F.);
#3704 = ORIENTED_EDGE('',*,*,#3617,.F.);
#3705 = ORIENTED_EDGE('',*,*,#3580,.F.);
#3706 = PLANE('',#3707);
#3707 = AXIS2_PLACEMENT_3D('',#3708,#3709,#3710);
#3708 = CARTESIAN_POINT('',(-5.76123672E-09,-12.09999991739,
    8.09999999902));
#3709 = DIRECTION('',(1.,-4.25383E-12,1.0783E-13));
#3710 = DIRECTION('',(-1.078299999965E-13,8.181E-13,1.));
#3711 = ( GEOMETRIC_REPRESENTATION_CONTEXT(3) 
GLOBAL_UNCERTAINTY_ASSIGNED_CONTEXT((#3715)) 
GLOBAL_UNIT_ASSIGNED_CONTEXT((#3712,#3713,#3714)) REPRESENTATION_CONTEXT
('Context #1','3D Context with UNIT and UNCERTAINTY') );
#3712 = ( LENGTH_UNIT() NAMED_UNIT(*) SI_UNIT(.MILLI.,.METRE.) );
#3713 = ( NAMED_UNIT(*) PLANE_ANGLE_UNIT() SI_UNIT($,.RADIAN.) );
#3714 = ( NAMED_UNIT(*) SI_UNIT($,.STERADIAN.) SOLID_ANGLE_UNIT() );
#3715 = UNCERTAINTY_MEASURE_WITH_UNIT(LENGTH_MEASURE(2.E-05),#3712,
  'distance_accuracy_value','confusion accuracy');
#3716 = PRODUCT_RELATED_PRODUCT_CATEGORY('part',$,(#7));
#3717 = MECHANICAL_DESIGN_GEOMETRIC_PRESENTATION_REPRESENTATION('',(
    #3718),#3711);
#3718 = STYLED_ITEM('color',(#3719),#15);
#3719 = PRESENTATION_STYLE_ASSIGNMENT((#3720,#3726));
#3720 = SURFACE_STYLE_USAGE(.BOTH.,#3721);
#3721 = SURFACE_SIDE_STYLE('',(#3722));
#3722 = SURFACE_STYLE_FILL_AREA(#3723);
#3723 = FILL_AREA_STYLE('',(#3724));
#3724 = FILL_AREA_STYLE_COLOUR('',#3725);
#3725 = COLOUR_RGB('',0.447058818107,0.474509808674,0.501960817233);
#3726 = CURVE_STYLE('',#3727,POSITIVE_LENGTH_MEASURE(0.1),#3728);
#3727 = DRAUGHTING_PRE_DEFINED_CURVE_FONT('continuous');
#3728 = COLOUR_RGB('',9.803921802644E-02,9.803921802644E-02,
  9.803921802644E-02);
ENDSEC;
END-ISO-10303-21;
